Date,Temperature,Max_Temperature,Min_Temperature,Relative_Humidity,Rainfall,Wind_Speed,Solar_Radiation
2016-01-01,19.94,26.62,14.85,72.57,0.01,2.7,26.93
2016-01-02,18.89,26.15,13.02,73.27,0.49,2.97,25.65
2016-01-03,18.77,25.95,13.02,78.5,5.7,3.29,24.74
2016-01-04,18.8,24.16,15.21,83.54,11.28,4.17,16.7
2016-01-05,18.58,24.22,15.05,82.98,7.03,4.02,24.17
2016-01-06,19.1,25.06,14.47,79.57,0.79,3.3,24.46
2016-01-07,18.76,25.2,14.26,78.41,0.1,3.03,24.49
2016-01-08,18.87,25.8,13.1,74.91,0.02,2.79,25.45
2016-01-09,18.94,25.71,13.17,74.38,0.01,2.72,23.15
2016-01-10,19.24,24.88,15.34,73.52,0.04,2.19,15.13
2016-01-11,18.59,23.48,15.34,80.74,1.63,2.1,16.19
2016-01-12,18.89,24.21,15.56,81.04,2.43,2.93,19.13
2016-01-13,19.14,25.0,15.26,77.02,0.24,3.0,24.26
2016-01-14,19.4,25.79,14.62,76.06,0.79,2.46,18.06
2016-01-15,19.49,26.08,14.88,77.69,1.92,1.61,19.45
2016-01-16,18.67,23.17,15.31,80.9,2.71,2.36,19.72
2016-01-17,18.83,24.32,14.74,79.02,6.18,1.54,12.99
2016-01-18,19.71,25.39,15.84,79.79,13.73,1.31,16.45
2016-01-19,18.4,22.27,16.42,86.75,10.51,1.48,11.25
2016-01-20,18.75,23.53,15.68,85.86,4.37,2.32,13.9
2016-01-21,18.89,24.82,14.68,80.12,0.97,2.41,17.37
2016-01-22,18.9,25.49,13.57,75.18,0.04,2.7,22.77
2016-01-23,18.76,26.19,12.39,68.72,0.01,2.72,26.34
2016-01-24,19.32,26.84,13.39,65.98,0.02,2.11,25.14
2016-01-25,19.66,27.72,13.08,65.47,0.06,2.0,24.38
2016-01-26,19.79,28.11,13.77,61.71,0.01,2.17,25.24
2016-01-27,20.55,28.33,12.95,60.85,0.78,1.62,22.88
2016-01-28,19.96,26.05,15.56,71.45,0.76,2.64,19.6
2016-01-29,19.52,25.72,14.95,76.96,0.58,2.51,21.19
2016-01-30,19.5,26.0,15.0,72.63,0.17,3.39,24.28
2016-01-31,19.57,26.34,13.62,69.12,0.08,2.93,23.8
2016-02-01,19.9,27.52,14.02,68.2,0.04,3.31,24.22
2016-02-02,18.94,26.52,12.39,62.48,0.0,3.49,26.22
2016-02-03,18.71,26.92,11.37,58.28,0.0,3.02,25.62
2016-02-04,19.53,28.32,12.53,57.59,0.0,2.88,27.05
2016-02-05,19.74,28.06,12.93,52.52,0.0,3.28,27.37
2016-02-06,19.64,28.49,12.49,53.05,0.0,2.91,27.27
2016-02-07,21.4,30.17,13.91,53.08,0.0,1.56,25.34
2016-02-08,21.59,28.16,16.71,64.1,0.96,0.48,13.87
2016-02-09,18.93,22.95,16.87,83.13,3.03,1.21,13.17
2016-02-10,20.3,26.1,15.87,78.06,5.33,1.33,18.33
2016-02-11,19.73,25.35,15.68,77.04,2.23,1.5,13.34
2016-02-12,20.51,27.93,13.98,67.85,0.09,2.65,23.9
2016-02-13,20.14,27.89,13.46,64.56,0.07,3.28,27.16
2016-02-14,19.68,27.68,13.01,60.87,0.0,3.23,27.67
2016-02-15,19.68,27.94,12.44,59.8,0.0,3.23,27.78
2016-02-16,18.85,26.74,12.17,66.69,0.01,2.74,28.64
2016-02-17,20.73,29.51,11.58,58.42,0.0,2.31,27.34
2016-02-18,22.15,31.02,15.0,57.56,0.08,2.56,26.55
2016-02-19,20.66,27.27,15.31,65.05,0.05,3.77,18.79
2016-02-20,19.09,25.73,13.65,63.15,0.01,3.81,23.09
2016-02-21,18.84,26.88,12.0,53.91,0.0,3.29,27.65
2016-02-22,19.65,28.79,11.87,50.15,0.0,3.0,28.13
2016-02-23,20.35,28.69,12.58,60.41,0.0,3.2,27.75
2016-02-24,20.6,29.01,12.34,63.48,0.0,3.16,27.78
2016-02-25,20.84,29.55,12.76,59.95,0.04,3.0,27.97
2016-02-26,20.42,27.95,13.88,71.83,1.89,3.36,25.21
2016-02-27,20.14,26.92,15.14,73.74,4.4,4.09,22.51
2016-02-28,19.84,26.5,15.18,76.11,2.48,4.43,22.79
2016-02-29,20.18,26.69,15.7,74.04,2.57,4.15,23.45
2016-03-01,20.84,28.65,15.67,69.98,1.9,3.72,22.36
2016-03-02,20.93,27.0,16.1,71.72,0.7,3.38,23.82
2016-03-03,21.15,28.39,15.52,70.02,1.12,4.03,25.02
2016-03-04,20.89,27.97,15.48,68.61,0.19,4.18,26.85
2016-03-05,20.76,29.08,14.45,66.64,0.19,3.02,27.53
2016-03-06,21.74,30.4,13.65,61.06,0.06,2.39,26.3
2016-03-07,21.71,29.78,15.6,66.86,7.82,2.63,22.24
2016-03-08,20.64,25.69,17.01,72.93,4.74,2.62,20.54
2016-03-09,20.38,26.41,16.16,78.3,4.08,2.64,17.8
2016-03-10,18.25,20.65,16.14,82.37,3.18,1.86,19.85
2016-03-11,20.67,28.65,14.26,69.34,0.63,3.99,27.03
2016-03-12,20.85,27.58,16.33,69.96,0.28,4.17,26.71
2016-03-13,20.23,28.64,13.09,63.29,0.0,3.41,28.81
2016-03-14,20.56,29.19,13.39,60.81,0.0,3.33,29.11
2016-03-15,20.7,29.39,13.2,60.72,0.0,3.06,28.15
2016-03-16,21.5,30.09,13.45,56.13,0.0,2.91,27.13
2016-03-17,22.03,30.43,14.18,57.86,0.12,2.6,27.05
2016-03-18,21.5,29.57,15.48,63.11,0.17,2.52,24.82
2016-03-19,21.6,28.02,15.82,65.27,0.25,3.13,25.81
2016-03-20,22.7,30.52,16.77,60.06,0.33,4.14,26.99
2016-03-21,22.57,30.6,15.98,56.72,0.01,3.75,27.18
2016-03-22,21.89,29.56,14.77,60.47,0.41,2.75,23.9
2016-03-23,22.88,31.26,15.26,52.2,0.07,3.0,24.74
2016-03-24,21.92,30.33,14.82,60.62,0.12,3.52,27.26
2016-03-25,21.07,28.06,15.33,63.33,0.78,4.32,25.45
2016-03-26,21.28,29.31,13.87,61.44,0.42,3.73,27.23
2016-03-27,22.55,30.78,16.09,57.85,0.02,3.32,26.1
2016-03-28,23.44,31.78,14.95,54.04,0.07,3.07,25.7
2016-03-29,23.46,31.94,15.43,55.64,0.12,3.1,25.37
2016-03-30,22.92,30.52,16.85,63.03,1.67,3.81,24.98
2016-03-31,22.87,31.07,16.34,61.22,1.02,3.46,22.11
2016-04-01,20.22,25.59,17.31,77.95,9.74,2.64,18.48
2016-04-02,20.8,27.48,16.54,75.21,6.76,2.53,16.26
2016-04-03,20.52,27.62,15.82,73.9,2.09,3.01,16.22
2016-04-04,19.3,23.98,15.3,76.14,1.52,2.25,14.46
2016-04-05,20.7,28.54,13.97,64.41,0.46,2.4,18.2
2016-04-06,20.12,26.11,16.15,74.24,3.51,3.29,19.38
2016-04-07,20.18,28.45,14.72,66.35,0.65,3.25,22.83
2016-04-08,21.28,29.86,12.65,58.64,0.08,2.55,23.17
2016-04-09,21.26,28.67,15.7,70.4,1.64,2.26,21.56
2016-04-10,21.45,29.26,15.94,70.39,2.17,3.11,23.09
2016-04-11,21.29,28.03,16.9,72.11,2.45,3.64,19.43
2016-04-12,20.71,27.98,15.78,72.66,3.4,3.72,19.33
2016-04-13,20.81,28.74,14.63,66.28,1.05,2.91,21.64
2016-04-14,21.37,29.57,15.34,65.46,1.71,2.29,21.14
2016-04-15,20.69,28.9,15.27,75.58,4.79,2.45,19.85
2016-04-16,19.74,25.2,16.28,78.37,4.93,3.96,20.86
2016-04-17,19.97,26.93,15.11,74.93,22.86,2.81,19.24
2016-04-18,19.7,25.66,14.86,74.41,0.84,1.92,21.48
2016-04-19,20.4,26.85,14.53,73.18,1.13,2.23,20.27
2016-04-20,20.56,26.93,16.38,74.8,1.56,2.42,19.4
2016-04-21,20.58,26.98,16.4,73.75,1.23,3.32,16.0
2016-04-22,20.45,27.24,15.49,74.56,2.5,2.9,23.67
2016-04-23,20.61,27.04,16.24,76.24,3.84,3.34,22.4
2016-04-24,20.27,26.52,16.7,78.09,10.78,2.59,16.13
2016-04-25,19.68,25.0,15.73,76.94,15.18,2.38,13.84
2016-04-26,20.75,28.11,15.26,72.2,2.08,2.39,21.18
2016-04-27,20.26,26.99,16.09,74.72,1.91,2.23,22.21
2016-04-28,19.37,25.49,15.1,80.09,4.81,1.74,18.51
2016-04-29,18.56,22.85,15.85,84.48,1.89,1.88,19.29
2016-04-30,17.39,20.03,15.97,88.07,6.13,1.8,15.44
2016-05-01,17.78,21.45,15.63,85.97,6.26,1.47,11.73
2016-05-02,19.43,25.96,14.48,74.7,0.95,2.28,18.08
2016-05-03,19.45,27.55,13.41,70.39,0.36,2.36,22.48
2016-05-04,20.26,27.29,15.3,73.57,0.5,2.54,21.89
2016-05-05,19.9,26.05,16.04,78.5,4.88,2.86,20.62
2016-05-06,19.21,24.59,15.12,75.77,1.31,2.47,16.87
2016-05-07,19.32,26.01,14.04,70.65,0.34,1.9,18.04
2016-05-08,18.39,26.57,12.42,64.88,0.05,2.1,12.08
2016-05-09,19.02,27.26,11.96,70.69,4.03,2.22,20.54
2016-05-10,18.17,23.3,14.94,81.29,4.05,2.51,13.43
2016-05-11,19.03,26.27,13.03,71.24,0.27,2.38,16.76
2016-05-12,19.56,26.72,13.87,71.38,0.34,2.29,19.1
2016-05-13,19.56,26.76,14.22,73.59,0.67,2.06,16.39
2016-05-14,19.63,27.11,14.39,71.04,0.26,2.22,19.91
2016-05-15,19.28,27.84,13.16,63.38,0.02,1.9,21.78
2016-05-16,19.4,27.87,11.86,62.76,0.08,1.38,20.33
2016-05-17,19.56,26.61,13.37,70.55,4.11,1.59,21.17
2016-05-18,18.86,23.93,15.73,81.33,13.36,1.86,17.22
2016-05-19,17.56,22.19,14.44,83.42,6.41,1.83,12.19
2016-05-20,17.76,22.82,14.09,82.04,10.73,1.64,11.97
2016-05-21,18.29,24.69,13.1,75.59,0.25,1.79,13.89
2016-05-22,18.35,25.14,13.54,75.19,0.22,2.33,17.33
2016-05-23,18.63,25.32,14.11,75.76,0.23,2.76,16.25
2016-05-24,18.91,26.34,13.38,71.53,0.13,2.13,16.18
2016-05-25,18.99,26.47,12.45,69.06,0.14,1.45,14.94
2016-05-26,19.0,26.42,13.79,74.08,0.21,1.74,20.99
2016-05-27,18.73,25.78,13.54,72.91,0.14,2.16,13.76
2016-05-28,18.4,25.61,12.87,70.75,0.03,2.33,18.66
2016-05-29,18.46,25.92,12.04,68.44,0.01,1.86,19.99
2016-05-30,18.68,26.27,12.38,66.61,0.02,1.93,22.77
2016-05-31,18.72,26.78,12.64,68.52,0.02,2.03,22.1
2016-06-01,19.09,26.6,13.65,69.46,0.02,2.06,23.06
2016-06-02,19.17,26.8,12.9,69.0,0.01,1.56,23.0
2016-06-03,19.01,26.11,13.6,70.01,0.02,2.31,20.66
2016-06-04,18.86,26.7,12.71,68.66,0.01,2.23,17.24
2016-06-05,18.78,25.73,13.08,71.31,0.05,2.37,18.38
2016-06-06,19.14,26.35,14.26,71.36,0.18,2.59,18.41
2016-06-07,18.73,25.58,14.18,69.55,0.15,2.61,19.56
2016-06-08,18.53,26.01,13.11,67.41,0.18,2.02,21.58
2016-06-09,18.16,26.05,11.69,65.67,0.04,2.09,15.75
2016-06-10,17.34,24.32,12.13,67.24,0.09,2.34,16.65
2016-06-11,17.37,24.36,12.45,74.08,0.39,1.94,15.4
2016-06-12,19.24,27.3,12.94,68.58,0.07,1.81,19.32
2016-06-13,19.26,27.45,13.11,67.17,0.12,1.77,16.66
2016-06-14,19.36,27.16,11.87,65.35,0.03,1.57,21.02
2016-06-15,18.9,26.89,11.69,63.06,0.03,2.01,18.97
2016-06-16,17.96,23.71,13.28,74.28,1.62,1.32,16.13
2016-06-17,16.85,21.15,14.4,84.34,12.12,1.41,17.13
2016-06-18,16.42,21.49,13.31,81.2,9.63,2.18,8.17
2016-06-19,17.2,22.68,13.98,77.27,1.16,2.51,16.14
2016-06-20,17.75,23.44,13.57,78.68,2.78,2.24,11.15
2016-06-21,16.45,20.5,13.93,82.91,6.08,2.0,7.23
2016-06-22,16.0,21.0,12.74,80.81,1.33,2.04,8.01
2016-06-23,16.26,22.04,11.08,78.27,1.03,1.54,8.62
2016-06-24,16.36,22.72,12.56,74.2,0.73,2.15,12.28
2016-06-25,15.91,22.7,10.66,70.94,0.08,1.97,11.01
2016-06-26,16.86,23.91,11.27,73.48,0.14,2.64,13.83
2016-06-27,17.42,24.5,11.56,72.28,0.2,1.98,16.33
2016-06-28,17.55,24.29,11.64,71.08,0.16,1.92,21.78
2016-06-29,16.97,23.54,12.58,73.48,0.48,2.01,16.7
2016-06-30,16.77,22.87,11.87,72.14,0.15,1.64,20.36
2016-07-01,17.5,23.92,12.54,68.41,0.05,1.5,22.1
2016-07-02,18.93,27.41,11.23,67.54,0.03,1.51,21.21
2016-07-03,18.46,24.91,13.22,72.26,0.09,1.41,14.5
2016-07-04,17.87,24.85,12.94,68.97,0.16,2.15,19.94
2016-07-05,16.94,23.51,10.62,64.48,0.02,1.86,20.64
2016-07-06,17.5,25.13,9.71,64.41,0.02,1.67,20.17
2016-07-07,17.98,24.53,11.64,69.06,0.12,1.69,20.4
2016-07-08,17.71,23.93,13.22,73.43,0.25,1.73,15.74
2016-07-09,16.98,23.39,12.42,71.59,0.11,2.06,15.5
2016-07-10,17.09,23.5,12.25,67.6,0.05,2.05,19.33
2016-07-11,16.18,21.31,11.08,67.92,0.06,2.51,15.28
2016-07-12,14.55,19.23,10.79,73.78,0.09,1.77,8.55
2016-07-13,16.18,25.35,8.77,61.41,0.18,1.8,11.49
2016-07-14,16.81,24.44,10.32,71.45,0.1,1.99,13.32
2016-07-15,16.33,22.46,10.58,71.64,0.06,1.73,19.7
2016-07-16,16.9,23.65,12.19,72.19,0.12,2.01,12.65
2016-07-17,16.31,22.2,11.82,75.82,0.43,1.73,17.28
2016-07-18,17.24,24.32,11.51,71.81,0.08,1.89,14.94
2016-07-19,18.35,26.03,11.92,66.8,0.04,2.13,21.5
2016-07-20,17.65,24.93,11.99,70.03,0.26,1.88,19.7
2016-07-21,17.93,25.44,11.64,68.99,0.27,1.97,17.4
2016-07-22,17.09,23.36,12.42,70.51,0.78,1.95,18.74
2016-07-23,17.93,25.23,11.26,63.79,0.07,1.88,19.96
2016-07-24,18.1,25.27,11.61,61.21,0.22,2.23,21.66
2016-07-25,18.13,25.97,12.68,65.51,0.2,3.0,20.15
2016-07-26,18.7,26.81,12.74,63.8,0.08,2.67,18.34
2016-07-27,19.3,26.49,12.27,61.82,0.04,2.07,22.56
2016-07-28,18.14,24.39,11.37,59.64,0.04,2.33,19.24
2016-07-29,18.52,26.51,12.94,63.07,0.15,2.09,20.86
2016-07-30,18.9,26.68,12.32,65.22,0.21,2.17,19.64
2016-07-31,19.45,26.93,11.72,59.63,0.09,2.21,22.1
2016-08-01,19.19,27.73,11.67,59.97,0.03,1.95,24.18
2016-08-02,19.41,28.51,11.05,56.39,0.03,2.12,24.7
2016-08-03,19.58,27.64,11.49,59.51,0.23,1.94,21.34
2016-08-04,18.07,25.66,12.67,68.71,0.82,1.85,16.2
2016-08-05,17.59,24.06,12.73,71.74,0.92,2.11,14.38
2016-08-06,17.16,23.84,12.36,74.78,1.45,2.5,9.73
2016-08-07,16.58,21.67,12.43,66.1,0.44,2.37,14.21
2016-08-08,16.84,23.31,12.21,71.74,0.49,3.13,10.5
2016-08-09,16.88,23.33,11.5,68.37,0.16,3.1,14.27
2016-08-10,16.68,22.89,11.26,64.18,0.34,2.43,17.04
2016-08-11,17.57,24.44,11.22,66.12,0.32,1.92,19.46
2016-08-12,17.34,23.77,12.28,71.47,1.98,2.22,15.66
2016-08-13,17.54,24.33,12.33,70.17,0.75,2.45,16.01
2016-08-14,17.41,24.53,12.38,70.18,0.47,2.61,19.31
2016-08-15,18.32,26.39,12.51,69.53,0.15,3.1,15.85
2016-08-16,18.38,27.39,12.31,61.46,0.15,3.21,20.11
2016-08-17,18.49,27.64,11.57,59.4,0.06,2.83,22.88
2016-08-18,18.86,28.03,12.22,58.1,0.1,2.75,23.72
2016-08-19,19.58,28.55,11.99,58.79,0.07,2.54,20.56
2016-08-20,19.56,28.37,12.7,61.74,0.19,2.48,22.08
2016-08-21,18.78,24.61,12.88,64.91,0.35,1.38,22.94
2016-08-22,18.54,25.16,12.6,64.01,2.56,1.51,22.94
2016-08-23,18.7,25.12,13.28,63.7,0.43,2.2,22.22
2016-08-24,18.51,27.74,12.24,55.35,0.0,3.08,22.83
2016-08-25,18.33,27.9,10.47,55.19,0.0,2.66,25.93
2016-08-26,18.02,25.81,12.41,61.49,0.02,2.72,19.9
2016-08-27,18.19,27.22,11.93,60.02,0.02,3.06,22.28
2016-08-28,17.64,25.75,11.64,59.47,0.01,3.18,22.2
2016-08-29,17.29,24.19,11.79,65.74,0.15,3.21,15.85
2016-08-30,17.58,26.6,11.23,63.25,0.55,3.44,16.03
2016-08-31,17.62,25.32,11.45,65.73,0.27,3.03,18.36
2016-09-01,17.05,24.1,11.47,66.2,0.27,3.26,14.09
2016-09-02,17.34,25.22,11.36,64.24,0.13,3.06,16.94
2016-09-03,17.81,26.86,11.48,67.73,0.47,2.8,15.31
2016-09-04,17.62,24.81,11.69,66.33,0.44,2.83,19.86
2016-09-05,18.18,25.78,12.47,71.35,0.42,3.23,17.84
2016-09-06,19.02,27.72,12.74,65.15,0.22,2.99,21.51
2016-09-07,19.18,28.61,12.07,60.42,0.29,2.97,21.02
2016-09-08,19.62,29.45,12.0,52.53,0.06,2.5,26.78
2016-09-09,19.18,28.9,11.84,52.59,0.04,2.85,27.37
2016-09-10,18.69,27.36,11.54,60.12,0.18,3.54,26.33
2016-09-11,19.45,28.79,12.47,53.2,0.2,3.27,23.2
2016-09-12,19.68,28.05,11.65,52.29,0.04,2.36,25.19
2016-09-13,19.95,28.24,12.78,55.92,0.01,2.7,24.63
2016-09-14,19.08,26.53,13.42,66.15,0.78,2.94,22.51
2016-09-15,19.59,27.44,13.51,55.08,0.22,2.74,21.26
2016-09-16,20.11,28.46,12.94,54.38,0.07,2.43,22.31
2016-09-17,20.68,29.58,12.88,53.79,0.05,2.57,24.83
2016-09-18,20.35,29.32,12.77,54.62,0.04,2.92,24.02
2016-09-19,19.02,27.28,12.76,56.96,0.07,2.43,23.28
2016-09-20,18.87,27.98,11.72,55.12,0.09,2.88,24.31
2016-09-21,19.06,26.95,12.25,61.13,0.57,2.76,23.92
2016-09-22,19.19,27.2,12.38,60.95,0.19,3.07,25.37
2016-09-23,20.58,29.19,13.32,59.4,0.1,2.73,26.46
2016-09-24,20.03,27.73,13.86,64.51,0.42,2.3,21.47
2016-09-25,18.86,26.09,14.2,72.02,0.83,2.18,17.92
2016-09-26,18.71,24.05,14.26,66.64,1.03,2.41,17.84
2016-09-27,19.13,27.1,12.89,61.23,0.07,3.31,24.17
2016-09-28,19.34,26.92,13.07,66.57,0.32,3.15,22.74
2016-09-29,20.05,27.9,14.74,67.33,1.24,3.63,21.2
2016-09-30,20.27,28.13,13.79,60.03,0.15,2.91,22.88
2016-10-01,19.41,25.25,13.61,62.32,0.27,1.81,23.63
2016-10-02,19.67,26.11,13.92,64.04,0.7,2.94,22.63
2016-10-03,20.51,28.1,14.36,62.59,1.44,2.42,21.56
2016-10-04,19.84,26.22,14.52,67.04,2.61,2.73,17.24
2016-10-05,19.62,26.93,12.93,59.34,0.64,3.1,18.62
2016-10-06,20.17,28.77,12.94,59.79,0.37,3.37,24.45
2016-10-07,20.6,29.08,12.53,56.13,0.12,3.25,26.36
2016-10-08,20.77,28.98,13.39,56.38,0.07,3.63,26.14
2016-10-09,20.73,29.49,14.21,62.03,0.3,4.31,26.16
2016-10-10,20.55,29.24,13.99,60.54,0.13,3.87,26.97
2016-10-11,20.25,29.24,13.71,55.42,0.05,3.5,22.86
2016-10-12,19.91,29.69,12.28,52.9,0.06,3.0,27.66
2016-10-13,19.99,30.35,12.65,48.94,0.05,2.93,28.38
2016-10-14,19.95,29.99,11.46,50.96,0.01,2.84,26.88
2016-10-15,20.32,30.07,12.58,49.96,0.03,3.01,26.19
2016-10-16,20.46,30.21,11.58,49.25,0.0,2.93,26.19
2016-10-17,20.55,29.35,12.65,51.72,0.0,3.05,24.99
2016-10-18,20.67,30.04,13.08,52.43,0.05,3.31,25.92
2016-10-19,20.22,29.63,13.23,55.45,0.11,3.28,27.56
2016-10-20,20.24,29.78,13.25,54.48,0.12,3.15,21.48
2016-10-21,20.74,30.08,13.01,55.39,0.08,3.0,24.12
2016-10-22,20.85,29.16,13.54,56.54,0.31,2.55,24.14
2016-10-23,20.97,28.26,14.31,56.09,0.12,2.24,24.12
2016-10-24,21.03,28.88,13.98,47.78,0.02,2.53,23.99
2016-10-25,21.01,29.33,14.63,59.72,0.2,3.38,24.29
2016-10-26,20.67,28.48,15.04,62.61,0.62,3.98,22.14
2016-10-27,20.63,28.64,14.84,62.62,0.24,4.07,23.5
2016-10-28,18.73,23.98,14.81,73.9,4.1,3.95,19.69
2016-10-29,19.88,27.35,13.68,63.38,1.11,3.51,25.54
2016-10-30,20.93,29.4,13.97,55.1,0.18,3.1,23.63
2016-10-31,21.02,29.07,14.73,57.31,0.14,3.49,26.23
2016-11-01,20.94,29.25,14.76,62.11,0.69,3.72,23.79
2016-11-02,19.61,25.98,15.38,73.57,6.26,3.5,16.12
2016-11-03,18.57,25.11,15.37,81.78,11.72,3.47,18.37
2016-11-04,19.19,25.2,15.47,75.58,3.71,3.02,23.06
2016-11-05,19.56,26.5,14.44,70.71,2.04,3.26,17.97
2016-11-06,19.61,27.05,14.39,66.94,0.76,3.64,23.58
2016-11-07,19.57,27.21,13.72,66.82,0.63,3.26,25.01
2016-11-08,19.38,27.15,14.23,63.13,0.56,3.33,17.62
2016-11-09,19.35,26.15,14.0,65.95,0.63,2.88,22.8
2016-11-10,18.66,24.89,13.82,72.93,2.57,3.32,19.65
2016-11-11,18.54,23.94,14.75,73.24,3.94,3.27,20.69
2016-11-12,19.31,27.25,13.67,66.21,3.69,3.55,21.91
2016-11-13,19.29,26.15,14.78,72.71,2.99,4.04,22.25
2016-11-14,18.6,24.42,15.16,77.97,11.44,4.04,20.1
2016-11-15,18.24,23.85,15.03,81.35,13.21,4.43,18.0
2016-11-16,18.13,23.97,14.6,80.72,13.01,4.04,15.84
2016-11-17,17.3,21.08,15.24,84.68,13.72,3.08,15.14
2016-11-18,18.34,23.63,14.31,82.86,9.77,3.57,16.89
2016-11-19,17.42,21.75,15.32,87.64,17.97,3.44,15.48
2016-11-20,18.09,23.33,14.71,84.54,10.09,3.26,18.28
2016-11-21,18.54,23.72,15.18,83.84,12.23,3.45,15.19
2016-11-22,18.19,24.86,13.87,76.83,1.58,2.48,17.85
2016-11-23,18.12,23.47,13.26,79.56,1.29,1.81,20.88
2016-11-24,18.68,23.55,14.83,81.8,4.89,1.53,14.82
2016-11-25,18.11,23.76,15.09,81.07,3.93,1.92,22.77
2016-11-26,18.5,24.43,14.76,79.75,1.85,1.28,18.61
2016-11-27,18.83,24.69,15.13,79.76,1.0,2.52,20.41
2016-11-28,18.95,24.88,14.84,81.69,5.06,3.16,23.93
2016-11-29,18.75,24.35,15.18,83.74,4.38,3.6,20.41
2016-11-30,18.44,23.45,15.33,82.11,2.94,4.26,22.57
2016-12-01,18.5,24.61,13.46,78.49,0.17,3.27,23.18
2016-12-02,18.67,24.51,14.45,79.95,0.66,3.2,22.92
2016-12-03,18.25,23.17,15.14,81.91,1.29,3.79,20.71
2016-12-04,18.12,23.54,14.87,82.49,7.32,4.43,20.89
2016-12-05,17.73,23.59,13.63,79.04,2.93,3.87,23.77
2016-12-06,17.71,24.76,12.42,72.24,0.06,3.44,26.18
2016-12-07,18.28,24.5,13.37,76.78,0.37,3.27,22.03
2016-12-08,18.55,24.58,14.06,76.88,0.58,3.47,23.39
2016-12-09,18.71,25.59,13.67,74.14,0.18,2.97,24.6
2016-12-10,18.89,25.26,14.04,74.69,0.44,2.89,20.26
2016-12-11,18.71,24.62,14.35,78.25,1.5,3.22,22.58
2016-12-12,18.67,24.69,15.04,79.83,2.78,3.76,17.69
2016-12-13,18.11,23.98,14.0,78.95,1.92,3.73,24.21
2016-12-14,17.87,24.62,12.98,76.35,1.08,3.05,24.94
2016-12-15,19.02,26.44,13.38,70.62,0.07,2.77,24.46
2016-12-16,19.62,26.5,13.15,67.86,0.11,2.43,22.74
2016-12-17,19.14,26.3,13.9,66.65,0.02,3.43,24.44
2016-12-18,18.43,26.28,12.68,64.64,0.07,3.51,26.75
2016-12-19,17.9,26.3,11.13,59.61,0.0,3.31,27.07
2016-12-20,18.14,26.3,10.54,62.61,0.02,3.51,26.55
2016-12-21,18.79,25.77,13.9,76.79,1.07,3.85,24.25
2016-12-22,18.67,24.96,14.26,76.84,1.25,4.14,20.8
2016-12-23,18.59,25.26,14.02,72.34,0.33,4.02,23.9
2016-12-24,18.38,24.89,13.58,75.09,0.34,3.82,22.65
2016-12-25,18.86,25.78,13.89,77.09,0.61,3.18,24.19
2016-12-26,18.64,25.01,15.02,77.1,6.14,3.75,21.39
2016-12-27,18.8,24.82,14.83,77.14,1.79,3.8,24.67
2016-12-28,19.13,26.01,13.03,70.92,0.37,3.53,25.36
2016-12-29,19.28,25.57,13.68,72.28,0.28,3.39,20.98
2016-12-30,19.36,25.69,14.82,72.99,0.35,3.4,18.06
2016-12-31,19.14,25.41,14.81,72.98,0.3,3.7,19.95
2017-01-01,19.09,25.52,13.72,69.57,0.06,3.52,20.75
2017-01-02,19.2,26.34,13.69,65.02,0.01,3.28,23.79
2017-01-03,18.88,26.83,11.76,61.11,0.0,3.46,27.13
2017-01-04,18.17,26.38,10.59,58.22,0.0,3.35,27.44
2017-01-05,18.47,26.25,11.53,66.92,0.03,3.54,26.43
2017-01-06,18.56,26.89,11.21,64.5,0.0,2.99,27.08
2017-01-07,18.84,27.55,11.32,60.28,0.0,2.73,26.97
2017-01-08,19.9,28.92,11.88,52.51,0.0,2.21,23.82
2017-01-09,20.14,28.58,13.77,48.22,0.0,2.57,23.98
2017-01-10,18.06,26.32,11.3,53.07,0.0,3.39,26.43
2017-01-11,17.61,25.6,10.73,50.55,0.0,3.93,26.94
2017-01-12,17.97,26.69,10.79,51.55,0.0,3.78,27.98
2017-01-13,18.36,27.23,10.56,52.83,0.0,3.01,27.58
2017-01-14,19.29,28.16,11.29,54.7,0.01,2.82,24.31
2017-01-15,19.53,27.61,12.48,56.93,0.3,3.24,23.01
2017-01-16,18.38,26.78,11.16,51.4,0.02,3.59,27.41
2017-01-17,18.18,26.19,11.22,59.55,0.42,3.57,27.46
2017-01-18,18.62,27.03,11.33,63.19,0.05,3.54,27.3
2017-01-19,19.55,28.39,11.57,57.66,0.03,3.11,26.69
2017-01-20,19.87,28.3,13.44,57.16,0.01,3.08,24.97
2017-01-21,19.63,27.85,12.27,54.18,0.03,3.6,25.86
2017-01-22,18.71,25.73,13.28,63.17,0.67,3.77,26.63
2017-01-23,19.24,27.24,13.58,62.35,0.17,3.61,27.43
2017-01-24,19.4,28.32,11.37,56.26,0.06,3.2,28.15
2017-01-25,20.77,28.72,14.32,57.11,0.96,3.73,26.32
2017-01-26,20.73,29.01,13.77,58.67,0.11,3.59,26.22
2017-01-27,20.41,28.59,13.27,57.2,0.13,3.03,25.15
2017-01-28,20.64,29.01,13.22,56.9,0.09,2.76,23.21
2017-01-29,20.75,28.63,14.51,61.16,0.54,2.18,20.31
2017-01-30,21.65,30.29,14.97,60.25,0.16,2.95,23.61
2017-01-31,20.77,27.56,16.18,68.27,2.49,3.27,18.59
2017-02-01,20.76,27.82,15.13,65.95,2.18,3.02,25.41
2017-02-02,20.73,28.67,13.96,63.8,1.01,3.56,25.43
2017-02-03,21.22,29.7,14.69,55.31,0.21,3.77,27.39
2017-02-04,20.24,27.78,13.65,57.66,0.23,3.92,25.24
2017-02-05,20.09,27.56,14.48,64.71,0.24,4.18,25.93
2017-02-06,20.3,27.95,15.05,67.72,0.61,3.8,26.13
2017-02-07,20.98,28.94,14.31,61.81,0.06,3.44,27.16
2017-02-08,21.22,29.55,15.1,56.85,0.03,3.78,26.91
2017-02-09,20.89,29.41,13.31,54.65,0.03,4.07,27.91
2017-02-10,20.35,28.85,12.34,55.28,0.0,3.87,28.18
2017-02-11,20.94,29.11,14.98,55.72,0.01,4.14,27.21
2017-02-12,20.52,29.37,12.25,52.15,0.0,3.69,27.16
2017-02-13,21.23,30.52,13.52,53.89,0.0,3.42,27.6
2017-02-14,21.27,29.49,14.96,57.05,0.0,3.94,24.45
2017-02-15,20.52,28.48,14.59,59.24,0.35,4.18,25.75
2017-02-16,20.0,27.78,14.52,64.5,5.44,4.12,22.98
2017-02-17,19.76,26.71,14.67,73.5,5.43,3.32,23.05
2017-02-18,20.36,27.78,15.16,70.85,3.47,3.7,22.6
2017-02-19,19.01,25.73,14.44,76.78,5.06,3.86,20.6
2017-02-20,18.94,26.14,12.35,68.4,0.76,3.88,25.13
2017-02-21,19.8,27.79,12.8,59.35,0.0,3.62,24.89
2017-02-22,19.63,25.93,14.45,58.34,0.06,2.77,20.43
2017-02-23,19.88,26.89,15.0,64.88,0.55,2.51,20.43
2017-02-24,20.65,27.98,14.65,65.69,0.49,3.35,22.97
2017-02-25,20.14,27.28,15.56,67.76,0.38,3.95,22.54
2017-02-26,20.64,28.27,14.0,61.93,0.15,3.65,26.39
2017-02-27,20.83,27.41,14.81,59.94,0.14,3.57,23.82
2017-02-28,20.2,27.17,14.91,62.49,0.28,3.47,24.13
2017-03-01,19.64,27.01,12.89,64.91,0.79,3.82,26.36
2017-03-02,21.39,30.55,12.42,51.16,0.01,3.0,26.97
2017-03-03,21.4,29.6,14.31,56.01,1.27,2.57,24.0
2017-03-04,21.79,29.73,14.56,56.05,0.28,2.9,21.21
2017-03-05,22.04,30.72,14.33,47.72,0.0,3.02,27.42
2017-03-06,22.38,31.56,15.0,45.14,0.0,2.75,26.75
2017-03-07,23.01,32.4,14.72,41.9,0.0,3.07,26.67
2017-03-08,22.08,30.29,15.13,47.72,0.0,3.69,27.99
2017-03-09,21.87,30.17,14.78,48.01,0.01,3.29,24.85
2017-03-10,21.82,29.98,15.44,51.56,0.02,3.41,26.16
2017-03-11,21.53,29.64,13.77,52.12,0.0,4.06,28.37
2017-03-12,20.8,28.29,15.11,62.06,0.88,4.03,25.37
2017-03-13,21.8,31.41,13.11,48.79,0.0,3.38,28.32
2017-03-14,22.33,31.48,13.61,48.37,0.05,3.53,26.42
2017-03-15,22.25,31.2,15.6,59.33,0.57,3.83,24.35
2017-03-16,22.25,30.13,15.98,56.97,0.24,4.15,24.34
2017-03-17,22.01,29.5,16.0,57.17,0.11,2.59,24.91
2017-03-18,21.18,26.09,16.31,57.03,0.38,3.06,24.86
2017-03-19,21.72,30.25,15.92,61.09,0.48,4.13,25.61
2017-03-20,21.84,28.49,15.57,61.96,1.61,3.2,25.96
2017-03-21,21.96,29.98,15.69,62.6,0.18,3.51,23.86
2017-03-22,21.45,28.91,16.28,66.9,2.02,3.97,23.88
2017-03-23,22.08,30.39,15.83,61.1,0.98,3.58,24.86
2017-03-24,22.08,30.06,15.28,55.97,0.15,3.57,26.97
2017-03-25,22.09,30.64,15.45,54.16,0.1,3.2,24.96
2017-03-26,22.78,30.73,15.25,54.43,0.78,2.7,22.85
2017-03-27,22.04,29.59,16.78,63.4,1.68,3.32,21.78
2017-03-28,21.8,29.71,16.47,64.02,0.65,3.98,25.68
2017-03-29,21.48,28.92,16.31,64.8,0.64,4.22,22.21
2017-03-30,20.85,28.08,15.84,68.57,2.32,4.4,23.66
2017-03-31,21.48,29.09,16.06,61.61,0.7,4.14,26.24
2017-04-01,21.15,28.99,14.61,57.15,0.98,3.98,25.67
2017-04-02,21.43,29.45,14.78,55.35,0.91,3.78,28.06
2017-04-03,21.5,29.72,15.31,58.15,0.88,3.47,24.24
2017-04-04,21.34,30.46,14.77,60.87,1.32,3.47,25.16
2017-04-05,20.13,29.38,12.73,61.5,5.09,3.17,23.85
2017-04-06,20.02,27.19,14.05,72.28,2.16,3.5,21.7
2017-04-07,19.5,26.65,15.03,72.69,2.09,3.69,18.63
2017-04-08,19.51,26.32,14.78,74.63,1.93,3.83,18.19
2017-04-09,19.95,26.54,15.73,73.66,1.11,4.13,23.89
2017-04-10,19.32,25.92,15.46,78.09,2.32,3.76,21.52
2017-04-11,19.79,25.82,15.24,70.4,0.07,3.59,25.83
2017-04-12,20.54,27.88,15.56,66.72,0.01,4.26,24.84
2017-04-13,20.91,28.67,15.36,61.36,0.0,3.95,26.09
2017-04-14,20.53,28.63,12.42,59.01,0.0,2.93,24.62
2017-04-15,22.42,31.56,14.76,52.43,0.0,2.53,25.34
2017-04-16,20.92,28.46,15.81,67.32,1.01,2.95,21.24
2017-04-17,21.94,30.83,15.12,63.75,2.53,3.2,20.45
2017-04-18,18.86,23.25,16.68,80.41,8.92,2.79,17.97
2017-04-19,20.17,27.43,15.42,72.52,4.93,3.09,18.78
2017-04-20,19.44,25.6,15.66,76.45,8.48,3.42,19.61
2017-04-21,19.95,26.84,15.03,71.17,0.66,3.31,23.34
2017-04-22,19.91,27.77,14.77,69.23,1.65,3.51,20.78
2017-04-23,20.2,27.77,14.84,68.7,0.96,3.24,21.65
2017-04-24,20.79,28.29,15.15,70.19,0.14,3.34,21.39
2017-04-25,19.56,26.18,15.41,73.99,4.19,3.55,21.32
2017-04-26,20.3,28.03,15.12,69.91,0.87,3.31,21.87
2017-04-27,20.29,27.93,14.9,73.13,4.66,3.32,21.5
2017-04-28,20.76,28.49,14.64,66.41,0.82,2.53,23.22
2017-04-29,19.91,27.26,14.87,71.48,3.25,3.05,19.5
2017-04-30,19.54,26.61,14.75,71.84,1.8,2.82,17.74
2017-05-01,17.69,23.34,14.19,77.97,4.08,2.14,16.6
2017-05-02,19.35,26.94,13.89,72.59,1.89,2.72,18.65
2017-05-03,17.89,24.31,13.76,81.83,45.02,2.65,19.99
2017-05-04,18.06,23.86,12.97,78.01,2.14,2.56,17.98
2017-05-05,18.28,24.61,14.06,81.97,7.22,2.6,16.06
2017-05-06,18.69,24.61,15.14,81.44,2.31,3.18,15.8
2017-05-07,19.01,25.55,14.73,78.11,0.92,2.88,18.53
2017-05-08,19.07,25.96,14.33,76.37,2.85,2.72,17.39
2017-05-09,17.56,23.8,13.85,80.1,7.44,3.03,17.46
2017-05-10,17.99,24.55,12.64,78.43,2.78,2.35,17.66
2017-05-11,18.85,24.73,14.29,81.05,12.91,2.69,18.57
2017-05-12,18.69,24.45,14.81,79.97,0.7,2.42,17.41
2017-05-13,18.49,24.99,14.12,71.82,0.21,2.51,18.89
2017-05-14,18.62,25.7,13.95,75.37,0.3,2.21,21.73
2017-05-15,18.9,25.74,13.6,75.39,0.1,2.34,18.24
2017-05-16,19.45,26.94,13.79,71.87,0.19,2.2,22.33
2017-05-17,18.89,26.26,13.86,74.32,0.61,2.3,18.74
2017-05-18,18.95,25.73,14.57,76.95,0.29,2.45,15.75
2017-05-19,18.7,26.08,13.91,67.94,0.33,2.53,16.69
2017-05-20,19.22,26.84,13.85,69.94,0.94,2.65,22.55
2017-05-21,18.76,25.63,13.44,71.13,0.29,2.73,17.75
2017-05-22,18.85,26.41,14.12,71.04,0.52,2.78,21.21
2017-05-23,18.48,26.12,13.39,69.53,0.36,2.64,17.63
2017-05-24,18.88,27.07,13.0,70.94,0.4,2.45,24.03
2017-05-25,19.54,28.08,13.44,70.6,0.24,2.2,23.24
2017-05-26,19.3,27.74,12.95,67.78,0.22,1.43,23.66
2017-05-27,19.42,27.22,12.11,64.97,0.11,1.7,21.68
2017-05-28,19.68,25.85,15.33,76.91,3.39,1.69,19.79
2017-05-29,18.72,24.01,15.39,77.93,2.2,2.59,11.31
2017-05-30,19.08,25.8,14.55,72.45,0.76,2.37,16.35
2017-05-31,19.03,26.3,13.85,72.88,0.26,2.38,18.87
2017-06-01,19.28,26.37,13.84,69.81,0.06,2.04,20.78
2017-06-02,19.86,27.54,13.61,70.82,0.15,1.9,19.92
2017-06-03,19.56,27.16,14.1,72.44,0.27,2.4,21.21
2017-06-04,19.58,26.51,14.23,72.98,0.29,2.2,17.92
2017-06-05,18.56,24.82,14.72,70.71,0.22,2.25,16.6
2017-06-06,18.75,26.21,13.45,72.19,0.17,2.38,19.39
2017-06-07,19.74,28.17,13.7,69.88,0.19,2.19,21.01
2017-06-08,19.58,27.23,14.22,71.87,0.22,2.12,21.06
2017-06-09,18.93,26.06,13.69,72.54,0.21,2.35,21.32
2017-06-10,18.69,26.61,13.15,68.38,0.41,2.37,18.23
2017-06-11,17.9,26.38,11.69,66.7,0.1,2.28,20.76
2017-06-12,18.4,26.33,11.71,71.46,1.58,2.8,20.91
2017-06-13,18.47,25.73,11.98,69.41,0.35,2.72,19.14
2017-06-14,18.46,26.19,12.73,71.03,1.5,2.82,15.91
2017-06-15,18.15,24.59,13.66,72.51,0.35,2.57,18.67
2017-06-16,18.76,26.04,13.62,66.45,0.07,2.52,17.33
2017-06-17,18.55,26.61,12.99,66.0,0.13,2.72,18.6
2017-06-18,18.05,24.8,12.94,70.45,0.09,2.68,16.79
2017-06-19,18.32,25.7,12.12,68.22,0.17,2.71,19.04
2017-06-20,18.61,25.99,12.97,68.83,0.34,2.56,20.9
2017-06-21,18.22,25.13,12.97,68.92,0.42,1.54,20.42
2017-06-22,18.32,26.25,12.73,69.45,0.25,2.09,16.32
2017-06-23,18.25,26.69,12.41,63.96,0.04,2.15,17.52
2017-06-24,18.25,26.09,12.69,70.9,0.81,2.66,20.28
2017-06-25,19.21,27.36,12.97,65.66,0.22,2.38,20.79
2017-06-26,18.78,25.91,13.38,67.73,0.07,2.64,14.24
2017-06-27,18.27,26.38,12.27,66.88,0.13,3.1,17.82
2017-06-28,18.21,26.34,12.44,66.32,0.21,2.9,14.99
2017-06-29,18.37,25.98,12.4,68.73,0.33,2.62,17.32
2017-06-30,17.97,23.63,14.02,71.91,0.89,2.57,16.45
2017-07-01,18.51,25.63,12.33,65.72,0.15,2.18,21.74
2017-07-02,18.18,25.25,12.23,66.68,0.3,1.61,21.77
2017-07-03,17.39,22.03,13.81,76.59,0.69,1.95,18.12
2017-07-04,17.37,23.46,13.28,71.1,0.98,2.32,10.37
2017-07-05,17.8,23.95,12.71,69.59,0.56,2.35,16.92
2017-07-06,16.82,23.11,12.0,67.73,1.36,2.38,15.81
2017-07-07,18.01,25.9,12.1,63.98,0.02,2.27,22.38
2017-07-08,17.97,26.3,10.28,63.07,0.06,2.59,22.43
2017-07-09,18.71,26.51,11.87,60.52,0.1,1.99,23.72
2017-07-10,18.15,24.28,13.22,64.98,0.56,1.52,22.2
2017-07-11,18.61,25.67,11.98,65.14,0.98,1.28,21.67
2017-07-12,18.05,24.37,14.22,72.87,2.89,1.97,19.96
2017-07-13,18.77,26.36,12.71,69.87,0.72,2.02,18.67
2017-07-14,17.5,22.76,13.47,79.17,2.96,1.81,16.83
2017-07-15,17.49,24.13,12.51,74.53,1.19,1.82,19.08
2017-07-16,18.36,25.61,12.21,66.6,0.13,1.81,21.0
2017-07-17,18.92,25.97,13.03,66.69,0.11,2.16,20.3
2017-07-18,18.84,26.47,12.95,61.92,0.04,2.49,22.58
2017-07-19,18.99,27.82,9.98,58.54,0.04,2.15,21.62
2017-07-20,19.21,26.49,12.86,64.6,0.22,2.05,22.07
2017-07-21,19.21,26.8,13.98,71.42,0.84,2.23,20.92
2017-07-22,17.4,22.35,13.37,75.15,1.36,2.07,14.93
2017-07-23,18.41,24.88,13.41,71.75,0.75,2.19,15.02
2017-07-24,17.63,23.05,13.75,74.16,2.45,2.28,12.16
2017-07-25,17.78,24.3,11.6,66.04,0.12,2.04,18.05
2017-07-26,17.98,24.0,12.76,69.09,1.68,2.07,15.85
2017-07-27,18.53,25.94,13.41,70.69,0.56,2.19,16.71
2017-07-28,18.53,26.64,12.94,68.54,0.8,2.0,11.83
2017-07-29,17.97,25.09,11.66,68.89,0.25,2.0,16.91
2017-07-30,17.77,23.98,12.51,65.39,1.53,2.22,19.94
2017-07-31,17.47,22.94,12.83,72.97,2.14,2.7,14.01
2017-08-01,18.26,25.41,12.74,64.8,0.56,2.94,15.96
2017-08-02,17.1,23.37,12.3,71.32,0.69,2.31,9.37
2017-08-03,17.69,25.0,12.69,73.52,1.57,2.87,12.07
2017-08-04,18.13,25.42,13.07,69.36,0.33,2.58,15.67
2017-08-05,18.81,26.31,12.05,64.39,0.19,1.91,17.77
2017-08-06,19.42,26.66,12.75,63.28,0.16,2.11,22.81
2017-08-07,19.15,26.16,13.97,66.46,0.27,2.21,19.77
2017-08-08,17.44,23.05,13.37,67.8,0.35,2.24,19.59
2017-08-09,18.34,26.48,12.62,67.12,0.91,2.44,14.87
2017-08-10,18.22,25.67,12.34,62.52,0.57,2.52,18.33
2017-08-11,16.95,23.06,11.54,66.0,0.84,2.11,16.18
2017-08-12,17.89,24.63,12.44,65.11,0.39,2.9,13.98
2017-08-13,17.55,23.97,11.75,56.52,0.09,2.4,18.04
2017-08-14,18.13,25.42,12.44,69.81,0.68,2.99,15.67
2017-08-15,18.16,26.08,12.21,67.3,0.95,3.36,15.74
2017-08-16,18.92,27.83,12.56,63.32,0.51,2.94,20.26
2017-08-17,19.78,28.82,13.07,62.87,0.52,2.97,24.33
2017-08-18,19.78,28.0,13.01,58.24,0.03,2.92,24.31
2017-08-19,19.9,27.98,13.72,65.56,0.29,3.25,22.6
2017-08-20,19.82,28.38,12.09,59.36,0.06,3.16,21.7
2017-08-21,19.48,27.12,13.35,63.39,0.11,3.1,19.7
2017-08-22,19.9,27.36,13.15,61.4,0.2,2.2,20.68
2017-08-23,19.77,27.63,14.14,67.7,3.88,2.25,19.01
2017-08-24,17.06,22.17,12.81,73.13,2.39,1.72,20.24
2017-08-25,18.98,28.36,11.7,58.91,0.05,2.37,22.5
2017-08-26,18.91,26.33,13.14,58.92,0.03,2.48,19.18
2017-08-27,19.47,28.57,11.28,55.51,0.0,2.44,25.84
2017-08-28,18.69,25.16,12.73,64.34,0.1,2.46,21.56
2017-08-29,19.29,26.96,13.55,65.35,0.37,2.29,19.08
2017-08-30,19.05,26.46,13.51,65.94,1.11,2.23,16.5
2017-08-31,18.68,24.34,13.89,72.74,3.24,1.73,19.21
2017-09-01,16.58,20.69,13.56,76.24,2.17,1.57,19.16
2017-09-02,18.23,25.21,12.77,68.95,0.26,1.66,22.08
2017-09-03,17.7,24.24,13.52,75.26,0.75,2.49,12.8
2017-09-04,18.48,25.33,13.85,67.96,0.35,2.36,11.46
2017-09-05,19.11,26.87,12.99,64.45,0.24,2.33,19.43
2017-09-06,17.37,22.62,12.76,67.64,0.41,2.05,21.2
2017-09-07,17.84,24.31,10.68,60.47,0.08,2.01,22.78
2017-09-08,18.7,25.54,13.24,67.53,0.95,3.01,18.06
2017-09-09,19.29,26.91,13.39,67.95,1.09,2.94,21.31
2017-09-10,18.8,26.12,13.01,68.86,1.31,2.6,18.86
2017-09-11,19.93,28.76,13.68,64.17,1.09,2.62,22.88
2017-09-12,17.58,22.95,13.53,72.43,1.53,2.49,20.7
2017-09-13,18.48,26.28,12.55,68.73,1.33,3.04,22.35
2017-09-14,18.91,25.97,13.17,70.39,1.11,2.92,17.27
2017-09-15,18.42,23.95,14.37,70.69,2.19,1.77,20.33
2017-09-16,20.09,28.08,14.02,69.77,2.75,1.2,20.85
2017-09-17,18.83,24.94,14.64,71.66,1.29,1.67,21.18
2017-09-18,20.55,29.12,12.78,51.83,0.0,2.37,25.37
2017-09-19,18.68,26.55,12.26,64.24,0.32,2.84,24.71
2017-09-20,19.41,26.72,14.2,71.34,2.71,3.86,17.05
2017-09-21,18.78,26.13,12.82,70.85,1.38,3.43,18.7
2017-09-22,19.06,26.78,12.78,55.57,0.09,2.4,24.03
2017-09-23,18.65,25.53,11.95,55.92,0.03,1.04,24.57
2017-09-24,19.85,28.36,11.19,52.51,0.13,2.32,14.37
2017-09-25,20.03,28.06,13.19,58.16,0.02,2.75,26.4
2017-09-26,20.52,28.1,13.58,57.26,0.03,2.7,24.6
2017-09-27,20.32,29.7,12.98,55.58,0.01,2.84,25.53
2017-09-28,20.25,29.33,13.41,58.07,0.25,3.39,25.8
2017-09-29,20.11,27.66,13.97,62.32,0.44,3.37,20.54
2017-09-30,19.8,27.55,13.18,58.4,0.19,3.36,22.55
2017-10-01,20.45,29.36,13.46,58.87,0.4,3.61,21.78
2017-10-02,20.21,29.1,13.03,56.42,0.07,3.16,24.83
2017-10-03,20.37,29.07,13.33,54.04,0.01,2.77,26.39
2017-10-04,20.05,29.78,12.35,51.93,0.04,3.02,27.75
2017-10-05,21.21,30.61,14.52,53.79,0.09,3.09,27.21
2017-10-06,21.05,30.42,14.07,53.19,0.0,3.1,27.27
2017-10-07,20.79,30.27,13.63,54.62,0.02,3.09,26.01
2017-10-08,20.67,28.66,14.51,59.09,2.71,2.94,26.01
2017-10-09,20.37,27.89,14.44,65.75,2.53,2.44,25.05
2017-10-10,21.13,28.71,14.85,58.5,1.48,2.15,24.76
2017-10-11,21.21,29.45,13.15,58.9,0.84,2.12,23.02
2017-10-12,20.56,27.45,15.93,68.72,12.13,2.01,22.9
2017-10-13,20.53,26.81,15.48,70.51,2.28,2.26,21.46
2017-10-14,19.33,27.69,14.32,60.35,0.59,2.48,21.01
2017-10-15,20.31,27.5,13.99,63.37,0.33,1.95,24.95
2017-10-16,20.47,27.86,13.76,64.51,0.45,2.05,23.33
2017-10-17,20.48,25.84,15.08,64.77,0.39,1.19,22.57
2017-10-18,21.29,28.05,14.31,63.51,0.24,2.16,19.76
2017-10-19,19.34,24.72,16.23,80.68,7.51,2.54,21.84
2017-10-20,20.32,27.14,15.65,73.65,2.45,2.31,21.24
2017-10-21,19.85,26.75,14.27,67.62,0.62,3.18,14.64
2017-10-22,20.12,29.77,12.96,54.44,0.04,2.64,28.05
2017-10-23,19.95,27.93,13.77,64.1,0.41,2.6,20.14
2017-10-24,20.01,27.47,13.34,66.89,1.92,2.34,19.97
2017-10-25,20.12,27.17,15.19,76.37,4.89,3.74,18.11
2017-10-26,19.33,25.93,15.12,77.29,8.97,4.1,20.01
2017-10-27,19.49,25.36,15.74,78.1,5.93,3.91,23.86
2017-10-28,19.74,27.23,15.2,75.56,3.31,3.81,23.92
2017-10-29,19.14,25.41,14.88,76.96,5.4,4.35,21.68
2017-10-30,19.13,26.45,14.02,69.98,0.37,4.1,20.19
2017-10-31,19.53,27.19,13.27,63.57,0.08,3.15,25.05
2017-11-01,19.36,26.89,14.08,69.34,2.44,3.05,19.26
2017-11-02,18.66,25.86,13.13,76.26,5.82,3.4,13.06
2017-11-03,18.81,25.71,13.62,76.5,7.15,2.83,15.2
2017-11-04,18.97,26.0,13.97,76.77,6.59,2.95,16.74
2017-11-05,18.01,23.7,13.84,76.74,5.21,2.68,16.05
2017-11-06,19.11,26.79,13.67,72.93,4.38,2.79,17.71
2017-11-07,18.99,25.32,14.72,77.63,5.15,3.17,16.42
2017-11-08,18.9,25.11,15.06,81.91,17.59,3.39,18.69
2017-11-09,18.77,24.29,15.64,82.87,7.87,3.8,19.2
2017-11-10,18.66,23.79,15.01,83.75,9.85,3.61,18.0
2017-11-11,18.84,25.18,14.35,80.3,1.94,3.35,20.81
2017-11-12,18.9,24.84,15.0,78.95,1.02,3.69,20.88
2017-11-13,18.82,25.02,13.91,79.09,4.05,3.16,20.28
2017-11-14,18.37,23.36,14.9,82.01,4.51,3.55,15.16
2017-11-15,17.71,22.35,14.28,81.24,5.44,3.47,21.89
2017-11-16,18.09,24.62,13.21,80.13,2.4,3.38,21.72
2017-11-17,18.69,24.99,14.42,78.93,0.42,3.91,24.38
2017-11-18,18.77,24.77,14.63,77.55,0.96,3.72,21.2
2017-11-19,18.52,24.6,14.63,79.49,1.97,3.84,14.46
2017-11-20,18.6,25.24,14.38,77.15,0.9,3.49,19.88
2017-11-21,18.53,24.98,13.56,73.89,0.22,3.29,22.98
2017-11-22,18.53,24.91,13.57,76.94,1.55,2.72,20.22
2017-11-23,19.38,25.71,14.59,76.39,1.15,2.94,21.71
2017-11-24,19.17,24.97,15.28,80.05,4.32,3.2,21.56
2017-11-25,18.93,25.71,15.3,78.32,1.36,3.49,19.62
2017-11-26,18.51,25.55,14.02,74.56,0.87,3.66,21.13
2017-11-27,18.19,25.84,11.73,72.38,0.05,3.3,25.25
2017-11-28,19.13,26.7,13.02,73.9,0.87,2.78,25.0
2017-11-29,19.18,25.36,15.01,76.55,2.06,3.51,25.3
2017-11-30,18.76,24.99,14.84,80.25,2.41,3.94,20.87
2017-12-01,19.26,26.63,14.49,70.78,0.28,3.45,24.27
2017-12-02,19.16,26.47,13.13,68.12,0.2,3.06,25.4
2017-12-03,19.47,26.51,14.31,70.07,0.06,3.24,25.84
2017-12-04,19.2,26.72,13.74,69.28,0.87,3.52,24.83
2017-12-05,18.69,25.66,13.25,74.72,4.31,3.28,23.24
2017-12-06,18.77,25.59,14.6,77.22,3.78,3.3,21.82
2017-12-07,19.36,26.12,14.66,76.33,2.51,3.33,22.65
2017-12-08,19.27,25.65,15.25,76.2,3.07,3.78,19.31
2017-12-09,17.92,23.56,14.44,82.17,4.04,3.91,22.62
2017-12-10,17.69,24.55,11.87,67.1,0.08,3.68,25.59
2017-12-11,17.85,24.59,12.18,73.18,1.34,3.69,24.0
2017-12-12,18.51,25.93,13.23,67.69,0.13,3.87,26.14
2017-12-13,18.23,25.76,11.18,69.62,0.0,3.49,25.27
2017-12-14,19.65,27.91,11.71,63.65,0.0,2.69,20.93
2017-12-15,20.01,27.14,13.73,68.11,0.0,2.66,23.37
2017-12-16,20.39,27.26,14.87,65.86,0.0,3.51,24.43
2017-12-17,19.3,26.35,14.08,70.44,0.14,3.6,24.33
2017-12-18,18.68,25.18,14.59,76.48,1.75,4.3,24.8
2017-12-19,18.29,24.49,14.66,78.77,1.93,4.44,16.54
2017-12-20,17.84,23.61,13.28,72.79,0.34,4.29,23.36
2017-12-21,17.98,25.52,11.16,62.53,0.01,3.79,25.45
2017-12-22,18.19,25.67,11.66,62.91,0.0,3.43,23.69
2017-12-23,18.93,26.62,12.25,63.22,0.0,3.21,25.25
2017-12-24,18.87,26.27,11.9,57.11,0.0,3.06,25.52
2017-12-25,19.24,27.03,13.28,53.46,0.0,3.36,20.19
2017-12-26,19.03,27.09,12.03,58.49,0.0,3.24,24.98
2017-12-27,18.82,27.4,11.3,59.53,0.01,3.35,26.67
2017-12-28,19.13,27.34,11.68,61.06,0.0,3.55,26.58
2017-12-29,19.62,28.02,12.55,62.6,0.0,3.12,24.54
2017-12-30,19.7,28.29,12.28,59.24,0.0,3.52,24.8
2017-12-31,20.12,28.57,12.96,54.8,0.0,2.71,22.81
2018-01-01,21.1,29.82,13.72,50.86,0.0,1.55,21.26
2018-01-02,20.51,28.03,13.8,58.54,0.4,0.69,20.6
2018-01-03,19.64,25.38,15.69,69.28,1.6,1.34,17.1
2018-01-04,18.49,23.1,14.05,71.65,0.56,1.55,9.38
2018-01-05,19.45,26.08,13.74,59.72,0.0,1.77,19.09
2018-01-06,19.2,26.4,12.71,60.43,0.01,2.03,15.76
2018-01-07,19.63,26.56,13.78,57.82,0.01,1.56,19.83
2018-01-08,20.54,28.99,12.27,51.44,0.0,1.51,23.25
2018-01-09,20.85,27.38,15.31,50.95,0.02,1.04,18.06
2018-01-10,19.98,26.56,14.66,58.02,0.12,1.83,19.49
2018-01-11,19.14,25.19,14.11,57.35,0.07,2.51,16.28
2018-01-12,19.08,26.01,12.65,56.98,0.01,3.16,22.08
2018-01-13,18.71,26.83,12.07,52.41,0.02,3.0,25.24
2018-01-14,20.27,29.72,11.45,45.22,0.02,2.09,25.76
2018-01-15,20.5,29.92,12.49,39.63,0.0,2.31,26.0
2018-01-16,20.19,29.7,11.9,42.55,0.0,2.54,25.68
2018-01-17,20.8,29.79,12.98,51.04,0.09,2.83,24.51
2018-01-18,21.47,30.83,12.95,48.61,0.0,2.59,23.29
2018-01-19,21.55,30.17,14.93,56.3,0.06,3.38,22.69
2018-01-20,20.62,28.51,13.75,58.57,0.08,3.69,25.87
2018-01-21,19.92,28.69,12.68,51.5,0.04,3.66,27.37
2018-01-22,19.9,28.82,12.11,50.72,0.02,3.89,27.13
2018-01-23,19.82,28.23,11.97,52.18,0.01,3.56,26.93
2018-01-24,20.41,28.89,12.67,54.5,0.11,2.91,25.93
2018-01-25,21.22,29.54,14.09,57.2,0.41,2.63,22.37
2018-01-26,21.28,27.22,16.22,59.24,0.43,1.8,19.14
2018-01-27,21.43,29.39,14.63,56.73,0.02,3.42,24.9
2018-01-28,21.1,30.1,13.26,54.09,0.01,2.8,26.97
2018-01-29,21.1,30.48,13.08,47.45,0.0,2.82,27.71
2018-01-30,21.57,30.59,13.52,44.61,0.0,3.04,24.78
2018-01-31,20.15,25.72,14.21,57.64,0.02,3.39,23.23
2018-02-01,20.87,28.67,14.76,61.26,0.0,4.3,27.4
2018-02-02,20.41,28.07,14.01,63.27,0.01,4.33,27.88
2018-02-03,20.64,29.08,14.42,55.69,0.0,3.78,28.26
2018-02-04,20.54,29.16,12.45,54.04,0.0,3.54,27.6
2018-02-05,20.79,27.73,15.41,62.51,0.84,3.92,26.76
2018-02-06,20.45,28.02,13.85,60.48,0.16,4.22,25.65
2018-02-07,20.04,27.98,14.3,48.37,0.01,4.22,25.11
2018-02-08,19.21,28.18,11.62,38.67,0.0,3.64,27.01
2018-02-09,19.45,28.74,11.02,42.92,0.0,3.42,23.59
2018-02-10,19.58,28.24,11.87,52.53,0.07,3.81,27.54
2018-02-11,20.1,28.01,14.11,65.17,0.52,4.4,26.46
2018-02-12,19.82,27.39,13.77,58.64,0.04,4.19,25.56
2018-02-13,19.98,28.13,11.85,53.21,0.04,4.18,26.15
2018-02-14,20.21,27.02,14.67,65.56,1.06,4.1,23.82
2018-02-15,20.47,27.94,14.58,62.53,0.05,4.3,25.53
2018-02-16,20.5,28.08,14.76,60.65,0.12,3.95,27.18
2018-02-17,20.05,27.84,12.26,62.43,0.05,3.67,25.69
2018-02-18,20.89,28.03,14.12,59.52,0.04,3.82,25.36
2018-02-19,21.78,29.36,14.53,58.47,0.15,3.56,25.72
2018-02-20,21.13,28.45,15.0,62.43,2.33,3.49,23.8
2018-02-21,22.38,30.18,15.21,54.1,0.01,3.7,25.5
2018-02-22,22.03,30.02,15.41,55.85,0.16,3.71,26.87
2018-02-23,21.39,29.88,14.5,55.61,0.28,3.6,27.17
2018-02-24,21.25,30.26,12.07,54.05,0.27,3.59,27.62
2018-02-25,22.76,30.72,15.79,53.7,0.08,3.31,27.34
2018-02-26,22.88,31.48,14.71,47.02,0.0,3.11,27.97
2018-02-27,22.23,30.21,13.96,47.99,0.01,3.07,26.45
2018-02-28,22.14,30.05,15.52,56.58,0.39,3.13,24.83
2018-03-01,20.02,25.93,16.4,70.28,12.1,1.74,19.35
2018-03-02,18.32,22.92,15.07,79.17,17.0,1.91,17.74
2018-03-03,18.41,24.58,14.68,80.4,29.62,1.39,21.27
2018-03-04,17.74,21.85,14.92,81.2,10.39,1.29,12.01
2018-03-05,18.42,25.11,13.69,78.29,3.92,1.56,17.54
2018-03-06,18.13,23.1,14.68,78.77,2.14,1.27,15.92
2018-03-07,18.41,24.01,14.46,75.58,0.51,1.66,23.8
2018-03-08,20.45,28.17,13.69,69.66,0.08,2.7,24.31
2018-03-09,20.63,28.08,14.94,68.28,0.1,2.0,21.93
2018-03-10,20.56,27.85,15.22,66.35,0.35,1.66,16.62
2018-03-11,19.5,25.8,15.0,73.23,2.49,0.94,17.36
2018-03-12,18.94,23.4,15.0,77.59,2.7,0.85,16.52
2018-03-13,18.56,22.2,15.68,82.59,12.01,1.31,12.55
2018-03-14,19.13,24.16,15.72,78.37,4.44,1.34,22.17
2018-03-15,18.16,21.97,15.59,88.11,45.1,1.1,8.23
2018-03-16,17.49,20.52,14.9,83.07,17.41,1.05,15.63
2018-03-17,18.22,23.63,14.54,84.65,10.66,1.14,18.19
2018-03-18,18.48,23.34,15.16,84.39,4.12,1.59,17.32
2018-03-19,18.37,23.4,14.57,85.79,8.98,2.99,14.43
2018-03-20,17.87,21.39,15.36,87.87,24.21,3.93,18.73
2018-03-21,17.57,21.37,14.81,87.64,7.2,4.05,20.81
2018-03-22,17.85,23.48,13.39,81.96,0.63,2.52,23.34
2018-03-23,18.02,24.59,11.73,78.3,0.04,2.11,27.31
2018-03-24,18.35,24.19,12.92,81.11,0.15,2.19,26.97
2018-03-25,18.61,23.91,14.79,84.67,3.71,3.05,24.06
2018-03-26,18.63,23.5,15.02,85.12,3.36,3.33,20.42
2018-03-27,18.49,23.52,15.56,85.75,7.79,4.17,22.76
2018-03-28,18.19,22.74,15.3,84.45,5.55,4.24,21.66
2018-03-29,17.95,22.49,14.85,84.63,1.1,3.6,20.2
2018-03-30,17.84,23.21,14.15,84.1,1.26,2.93,21.89
2018-03-31,18.25,23.85,13.89,82.02,0.62,2.61,21.59
2018-04-01,18.33,23.42,14.76,82.14,0.97,2.28,21.54
2018-04-02,18.13,23.36,14.49,81.66,1.82,2.83,17.8
2018-04-03,18.34,23.76,14.83,81.14,3.69,3.53,19.14
2018-04-04,18.21,23.51,14.68,81.56,6.93,3.05,21.86
2018-04-05,18.31,23.85,14.12,79.93,0.82,2.22,22.36
2018-04-06,18.4,23.97,14.34,81.04,6.15,2.32,19.24
2018-04-07,18.78,24.14,15.52,80.87,5.83,2.81,19.88
2018-04-08,18.09,23.58,14.43,82.3,6.04,2.44,19.43
2018-04-09,18.19,23.93,13.59,81.83,8.39,2.34,22.28
2018-04-10,18.82,24.67,14.26,80.09,11.01,1.64,22.83
2018-04-11,18.55,22.75,15.02,85.36,20.2,2.4,19.11
2018-04-12,18.57,23.68,15.1,84.75,3.3,2.58,21.71
2018-04-13,17.76,21.24,15.13,87.05,4.0,2.21,19.88
2018-04-14,17.91,22.39,14.65,86.0,1.24,1.72,16.55
2018-04-15,17.01,20.51,15.01,86.52,4.73,2.44,17.58
2018-04-16,17.62,23.76,14.37,85.16,37.18,2.29,19.52
2018-04-17,17.58,22.66,13.89,84.59,34.45,1.67,13.88
2018-04-18,18.24,23.45,13.65,82.84,42.36,1.0,19.18
2018-04-19,18.19,22.77,14.91,87.04,94.72,0.95,17.42
2018-04-20,17.77,21.47,15.11,87.02,28.14,0.86,20.82
2018-04-21,17.75,21.69,15.48,88.95,12.54,1.78,20.06
2018-04-22,17.08,20.89,15.0,89.57,4.98,1.6,14.96
2018-04-23,18.4,22.83,14.19,86.57,36.69,1.84,20.38
2018-04-24,17.23,20.78,15.08,91.05,19.57,2.1,14.71
2018-04-25,17.55,21.89,14.92,89.08,5.07,2.36,15.64
2018-04-26,18.23,22.95,14.05,88.33,5.33,2.48,18.61
2018-04-27,17.62,22.12,14.61,88.76,8.42,2.86,17.43
2018-04-28,17.42,22.12,14.28,88.01,3.03,2.48,18.16
2018-04-29,16.92,21.15,13.59,86.84,0.81,2.23,16.64
2018-04-30,16.9,22.04,12.63,87.17,9.8,2.15,16.55
2018-05-01,16.75,21.32,13.01,89.21,21.2,2.4,14.23
2018-05-02,14.83,18.42,12.29,87.32,1.59,1.63,16.15
2018-05-03,16.82,22.44,12.27,85.83,0.44,1.76,18.43
2018-05-04,17.36,22.86,12.39,85.81,0.25,2.03,20.43
2018-05-05,17.54,22.39,12.98,87.5,2.01,2.57,18.31
2018-05-06,17.25,21.62,13.33,88.1,5.38,2.36,19.56
2018-05-07,17.14,21.35,14.01,89.94,1.34,2.46,16.35
2018-05-08,16.72,20.55,12.77,89.12,1.89,1.83,15.08
2018-05-09,16.91,21.78,12.94,87.64,2.66,2.03,16.05
2018-05-10,17.04,21.91,12.86,88.8,10.66,1.92,17.87
2018-05-11,16.54,20.79,12.71,90.85,6.77,2.09,15.93
2018-05-12,18.0,23.26,14.01,84.53,0.29,1.33,21.84
2018-05-13,18.37,23.42,14.3,86.68,1.84,1.42,19.99
2018-05-14,17.95,22.38,14.42,88.24,6.26,2.5,22.09
2018-05-15,17.16,22.71,12.96,83.69,0.63,2.07,19.88
2018-05-16,17.38,22.35,13.68,87.14,0.59,1.75,21.39
2018-05-17,17.24,21.77,14.06,86.49,0.16,1.79,20.2
2018-05-18,17.52,22.99,13.46,85.37,1.81,1.56,18.43
2018-05-19,17.4,22.59,13.47,86.28,9.24,1.64,18.04
2018-05-20,17.29,21.65,14.02,85.22,8.37,1.63,10.34
2018-05-21,17.1,21.16,14.2,89.07,12.67,2.52,13.27
2018-05-22,16.3,20.31,13.71,89.92,3.96,2.53,12.71
2018-05-23,16.7,21.54,13.03,87.68,0.74,2.17,16.98
2018-05-24,17.04,22.19,13.18,87.21,0.84,1.9,18.03
2018-05-25,17.03,22.11,13.38,85.61,2.16,1.61,19.01
2018-05-26,16.4,21.66,12.9,86.64,1.81,2.1,20.25
2018-05-27,16.65,21.94,12.57,87.65,0.97,2.08,17.78
2018-05-28,16.4,22.35,11.79,85.04,0.1,1.93,24.21
2018-05-29,15.5,22.12,10.13,80.05,0.05,1.63,23.56
2018-05-30,16.6,23.08,10.51,81.96,0.04,1.36,23.98
2018-05-31,17.64,23.06,12.8,85.6,1.15,1.62,19.24
2018-06-01,17.99,22.98,13.64,86.05,0.32,1.85,19.28
2018-06-02,17.68,22.58,13.99,86.66,0.72,2.31,18.2
2018-06-03,17.16,21.68,13.67,89.4,1.06,1.7,17.0
2018-06-04,16.6,19.88,14.61,91.57,5.22,1.62,14.01
2018-06-05,15.29,18.42,13.82,89.36,4.48,2.16,13.23
2018-06-06,15.72,20.18,13.17,86.56,4.43,1.95,13.15
2018-06-07,15.59,20.68,11.82,87.48,1.27,1.49,9.64
2018-06-08,16.0,21.13,11.92,86.87,0.22,1.38,13.52
2018-06-09,16.6,22.28,11.96,85.82,0.33,1.47,13.51
2018-06-10,16.57,22.82,11.49,83.63,0.04,1.62,15.95
2018-06-11,15.83,22.79,10.02,79.27,0.0,1.7,23.2
2018-06-12,15.82,21.56,11.03,86.07,0.07,1.98,20.18
2018-06-13,16.34,22.26,11.89,85.46,0.45,1.94,18.04
2018-06-14,16.43,22.07,12.13,85.76,0.29,1.26,15.63
2018-06-15,17.06,22.73,13.07,86.07,0.43,1.35,14.89
2018-06-16,16.85,22.54,12.43,86.27,1.4,1.51,18.45
2018-06-17,16.08,21.36,12.29,85.65,1.93,1.21,10.0
2018-06-18,15.92,20.52,13.3,88.24,1.81,1.82,9.3
2018-06-19,15.5,20.75,11.85,87.94,0.45,1.95,8.81
2018-06-20,15.85,21.03,11.67,84.51,0.1,1.79,15.26
2018-06-21,16.01,21.62,11.78,83.47,0.13,2.02,12.93
2018-06-22,16.36,22.1,12.15,82.82,0.44,2.08,18.52
2018-06-23,16.4,21.91,11.92,84.92,0.35,1.62,18.98
2018-06-24,16.06,20.88,12.78,87.08,1.35,1.69,16.9
2018-06-25,15.03,19.95,11.72,85.41,5.3,1.6,10.77
2018-06-26,15.82,21.33,11.89,84.52,0.42,1.98,13.77
2018-06-27,15.8,21.82,11.4,82.48,0.2,1.77,19.94
2018-06-28,15.66,21.56,10.48,80.11,0.05,1.55,21.1
2018-06-29,15.91,21.55,12.16,86.88,1.62,2.04,15.31
2018-06-30,15.95,20.77,11.98,85.54,0.49,2.18,17.23
2018-07-01,16.19,21.58,11.78,85.13,0.79,2.24,18.41
2018-07-02,15.79,20.92,11.42,86.68,0.88,2.27,12.58
2018-07-03,15.67,20.49,12.08,87.55,1.52,2.43,12.71
2018-07-04,15.36,20.11,11.88,86.31,2.44,2.96,8.95
2018-07-05,15.39,21.75,10.52,80.97,0.34,2.25,15.95
2018-07-06,15.15,22.0,10.02,76.94,0.05,2.28,18.69
2018-07-07,14.83,20.91,10.26,80.05,0.17,2.47,19.03
2018-07-08,15.32,21.41,10.58,80.97,0.14,2.09,15.54
2018-07-09,15.43,21.06,11.37,83.36,0.61,2.05,14.43
2018-07-10,16.04,21.93,11.43,83.59,0.36,2.08,13.28
2018-07-11,15.41,20.2,11.84,84.58,0.57,2.05,11.26
2018-07-12,15.82,21.39,11.95,84.1,0.37,2.01,14.09
2018-07-13,15.97,21.56,11.95,85.26,1.34,1.88,12.17
2018-07-14,15.42,20.33,12.11,86.11,1.73,1.78,10.97
2018-07-15,15.85,22.57,11.07,81.12,0.15,1.93,13.84
2018-07-16,15.27,22.45,10.05,78.71,0.1,1.95,20.19
2018-07-17,15.54,22.58,9.56,75.07,0.05,1.73,24.59
2018-07-18,15.28,20.72,10.7,76.57,0.02,2.26,16.94
2018-07-19,15.39,21.6,10.35,80.04,0.09,2.03,18.85
2018-07-20,15.3,20.92,11.49,82.23,0.3,2.04,15.93
2018-07-21,15.11,21.45,11.31,83.18,0.83,2.38,8.7
2018-07-22,15.41,21.63,10.85,82.19,0.26,2.39,14.65
2018-07-23,14.78,20.65,10.71,81.54,0.18,2.69,14.17
2018-07-24,14.87,20.82,10.38,80.44,0.14,2.21,12.83
2018-07-25,15.11,21.31,10.66,82.31,0.37,2.06,12.14
2018-07-26,15.37,21.29,10.83,80.98,0.25,2.1,13.62
2018-07-27,14.89,19.45,10.8,82.7,0.32,1.7,20.96
2018-07-28,16.04,22.93,10.15,75.92,0.04,1.47,21.43
2018-07-29,16.39,21.5,10.93,81.86,0.73,1.19,16.51
2018-07-30,16.45,21.62,12.69,84.16,1.59,1.42,19.15
2018-07-31,16.66,21.92,13.02,83.3,0.68,1.75,16.44
2018-08-01,16.88,23.0,12.75,81.23,0.23,1.92,20.61
2018-08-02,17.2,24.64,11.98,77.8,0.08,1.6,24.77
2018-08-03,17.5,24.33,12.47,77.11,0.1,1.57,23.89
2018-08-04,16.66,23.32,11.77,76.3,0.19,2.03,19.93
2018-08-05,16.0,23.17,10.78,76.24,0.39,2.33,17.05
2018-08-06,16.28,23.46,11.62,74.6,0.15,2.5,20.09
2018-08-07,16.06,24.76,10.36,63.74,0.05,2.01,24.99
2018-08-08,16.18,24.08,9.93,68.25,0.11,1.46,21.16
2018-08-09,17.01,24.09,10.89,74.18,0.15,1.58,22.19
2018-08-10,17.12,24.13,11.98,73.61,0.42,1.88,20.67
2018-08-11,16.32,23.97,11.04,68.35,0.22,2.87,20.25
2018-08-12,16.18,24.11,10.71,72.35,0.14,2.56,20.9
2018-08-13,16.17,24.29,10.49,68.43,0.06,2.67,15.75
2018-08-14,16.47,24.83,10.65,69.8,0.06,2.28,24.86
2018-08-15,16.12,23.86,10.25,73.68,0.51,2.09,18.23
2018-08-16,16.19,23.91,10.58,72.11,0.26,2.01,11.05
2018-08-17,16.52,22.4,11.58,78.57,0.8,1.67,17.49
2018-08-18,16.29,22.07,12.52,79.98,0.36,2.19,16.07
2018-08-19,16.54,21.95,12.49,76.19,0.2,2.2,14.4
2018-08-20,16.44,23.55,11.73,74.39,0.16,2.15,16.42
2018-08-21,17.13,24.6,11.16,72.78,0.16,2.04,17.05
2018-08-22,17.76,24.85,11.54,73.09,0.08,1.56,20.68
2018-08-23,17.33,23.25,12.93,76.79,0.23,1.64,15.77
2018-08-24,17.33,23.67,12.55,77.01,0.88,1.51,15.0
2018-08-25,17.43,25.0,11.35,70.18,0.68,2.3,18.96
2018-08-26,18.17,24.79,12.72,76.25,0.96,1.89,16.97
2018-08-27,17.62,23.28,13.22,78.61,2.47,1.81,18.28
2018-08-28,16.87,21.87,13.24,80.66,3.28,1.82,14.9
2018-08-29,15.71,20.76,12.48,81.44,0.59,2.07,10.91
2018-08-30,16.31,23.18,10.95,72.16,0.13,2.42,18.19
2018-08-31,16.67,22.84,11.52,76.51,0.31,2.06,12.41
2018-09-01,17.41,24.47,12.02,73.92,0.28,2.07,14.17
2018-09-02,17.48,24.01,12.86,75.77,0.38,2.13,12.91
2018-09-03,17.36,24.24,13.05,71.67,0.48,2.13,15.22
2018-09-04,17.5,23.8,12.34,75.24,1.17,2.37,16.79
2018-09-05,17.33,24.04,11.9,69.12,0.61,3.09,19.78
2018-09-06,17.49,24.25,12.11,71.62,0.64,3.34,21.95
2018-09-07,18.32,26.68,11.68,65.35,0.06,3.0,24.77
2018-09-08,18.3,27.0,12.56,65.83,0.24,3.01,24.81
2018-09-09,19.26,28.07,12.58,63.82,0.1,2.48,26.52
2018-09-10,19.72,27.86,13.76,67.69,0.37,2.86,24.07
2018-09-11,18.93,27.65,13.16,64.57,0.23,3.24,23.27
2018-09-12,18.59,27.23,12.44,63.08,0.11,3.15,26.34
2018-09-13,19.17,27.93,12.6,66.34,0.58,2.93,22.57
2018-09-14,19.9,28.4,13.62,63.62,0.05,2.85,24.33
2018-09-15,19.04,28.34,12.41,58.42,0.05,2.63,26.99
2018-09-16,18.71,28.74,11.27,57.51,0.06,2.28,28.11
2018-09-17,19.03,29.06,10.85,56.17,0.01,2.11,26.08
2018-09-18,18.81,27.66,11.85,60.9,0.06,2.21,26.26
2018-09-19,18.42,26.48,11.71,61.88,0.1,2.14,25.24
2018-09-20,18.89,28.14,11.8,58.62,0.05,2.54,26.7
2018-09-21,19.69,27.88,13.03,65.16,0.35,2.82,24.12
2018-09-22,19.03,26.52,13.8,67.27,0.42,3.19,19.44
2018-09-23,18.78,26.91,13.16,63.38,0.21,3.09,24.8
2018-09-24,18.71,26.93,12.7,65.94,0.28,3.31,27.2
2018-09-25,19.3,27.66,13.37,67.86,1.17,3.32,23.23
2018-09-26,20.23,29.12,13.31,61.89,0.43,3.33,25.68
2018-09-27,18.38,24.86,14.32,72.31,1.0,3.16,19.96
2018-09-28,19.58,27.32,14.11,71.42,0.42,3.35,22.49
2018-09-29,19.25,27.83,13.45,66.13,0.26,3.32,23.73
2018-09-30,19.51,29.23,12.85,55.36,0.01,2.98,25.56
2018-10-01,18.81,27.66,11.98,59.37,0.01,2.85,26.58
2018-10-02,19.03,27.02,13.03,63.38,0.08,3.24,22.82
2018-10-03,19.62,28.22,13.39,64.03,0.57,3.44,25.2
2018-10-04,19.57,28.0,13.43,63.64,0.9,3.28,21.85
2018-10-05,20.12,29.0,13.79,64.67,0.64,3.27,26.08
2018-10-06,20.71,29.43,14.48,64.73,1.07,3.19,25.19
2018-10-07,20.73,28.73,14.44,63.7,0.87,2.58,24.3
2018-10-08,18.96,25.12,14.73,73.03,3.24,2.53,18.93
2018-10-09,19.22,26.53,14.16,69.26,0.57,3.19,18.25
2018-10-10,19.0,26.98,13.05,64.99,0.18,3.72,20.47
2018-10-11,19.55,28.34,13.29,60.32,0.33,3.16,26.0
2018-10-12,20.5,29.26,13.12,55.69,0.02,2.76,25.72
2018-10-13,20.86,28.46,14.72,61.13,0.21,2.92,23.0
2018-10-14,20.45,28.25,14.28,58.55,0.06,2.77,25.62
2018-10-15,20.93,29.02,14.62,59.53,0.37,2.62,23.87
2018-10-16,21.05,29.69,14.48,58.86,0.2,3.03,25.76
2018-10-17,20.76,28.95,14.87,63.43,1.05,3.2,24.47
2018-10-18,20.44,27.47,15.64,69.18,1.65,3.9,21.32
2018-10-19,19.96,26.2,15.62,70.78,2.87,3.83,21.13
2018-10-20,19.71,27.26,14.46,65.57,0.65,3.99,24.24
2018-10-21,19.76,27.2,13.49,60.93,0.09,4.05,22.94
2018-10-22,18.77,26.21,13.21,65.53,0.53,4.27,21.43
2018-10-23,17.3,24.09,13.0,71.37,2.95,3.79,10.0
2018-10-24,18.55,27.02,11.9,66.87,2.05,2.98,13.37
2018-10-25,18.44,25.34,14.11,76.82,6.76,3.51,11.59
2018-10-26,18.63,25.5,13.09,77.59,5.66,3.38,16.81
2018-10-27,18.65,26.15,13.66,75.14,2.78,3.51,14.7
2018-10-28,18.78,25.76,14.11,71.36,1.57,2.82,18.56
2018-10-29,19.31,26.48,14.25,73.79,0.96,3.3,20.84
2018-10-30,19.25,25.63,14.63,70.02,0.23,3.48,19.45
2018-10-31,19.38,26.53,13.89,71.35,0.38,3.61,23.74
2018-11-01,18.92,25.79,15.38,79.84,3.07,3.9,23.26
2018-11-02,19.01,24.85,15.67,79.69,20.04,4.36,19.35
2018-11-03,19.1,25.58,15.1,76.36,1.46,3.99,19.29
2018-11-04,19.35,26.81,14.17,66.23,0.13,3.36,21.01
2018-11-05,19.28,27.5,13.4,63.61,0.08,2.86,25.1
2018-11-06,19.43,27.51,13.86,66.39,0.09,2.97,25.62
2018-11-07,20.11,28.01,13.91,66.82,0.11,2.97,25.56
2018-11-08,20.53,28.47,14.68,66.47,0.16,3.15,26.37
2018-11-09,20.49,27.92,15.1,68.28,0.57,2.87,20.77
2018-11-10,20.04,27.39,15.01,69.57,0.36,3.1,21.78
2018-11-11,19.25,25.58,14.64,74.3,8.71,3.02,19.68
2018-11-12,19.65,27.02,13.81,70.92,3.16,3.14,23.23
2018-11-13,19.17,25.95,14.24,75.38,2.03,3.59,22.16
2018-11-14,19.22,25.89,14.5,76.05,3.9,3.54,24.82
2018-11-15,19.82,26.75,14.53,68.31,0.31,3.53,25.62
2018-11-16,19.51,27.98,12.45,62.57,0.01,2.78,27.71
2018-11-17,19.98,26.95,14.98,74.88,1.33,2.91,20.58
2018-11-18,20.18,26.43,15.55,73.06,1.53,3.42,24.42
2018-11-19,19.35,25.3,15.19,79.97,2.46,3.7,21.78
2018-11-20,19.67,25.55,15.71,78.57,4.06,4.21,20.18
2018-11-21,19.38,25.75,15.81,80.54,4.47,4.31,19.1
2018-11-22,19.66,25.82,15.72,74.76,1.98,3.99,20.34
2018-11-23,19.62,25.95,14.66,71.37,0.36,3.62,22.47
2018-11-24,19.32,25.85,14.94,73.35,1.88,4.18,24.15
2018-11-25,18.96,25.41,14.94,77.86,5.88,4.02,19.94
2018-11-26,19.1,25.2,15.01,77.1,0.92,3.81,17.95
2018-11-27,19.37,25.96,14.53,76.42,1.58,3.42,19.97
2018-11-28,19.27,25.64,14.72,77.9,3.68,3.66,21.5
2018-11-29,18.72,24.43,15.63,81.38,4.6,4.42,20.82
2018-11-30,18.73,25.0,14.04,75.55,0.6,4.62,22.97
2018-12-01,18.63,24.42,15.14,81.9,6.77,4.19,17.08
2018-12-02,18.86,25.17,14.88,79.9,4.44,3.28,17.59
2018-12-03,18.9,25.32,14.73,79.98,8.82,3.13,20.82
2018-12-04,19.07,24.03,15.58,82.44,14.81,3.69,14.71
2018-12-05,19.24,25.38,15.29,77.75,0.41,3.83,19.75
2018-12-06,19.39,25.45,15.04,76.96,1.99,3.19,20.62
2018-12-07,19.57,26.04,15.18,74.92,0.07,3.46,23.08
2018-12-08,18.33,23.01,14.84,84.53,23.4,2.95,17.41
2018-12-09,19.0,24.81,14.63,81.21,2.54,3.04,19.24
2018-12-10,18.03,21.76,15.06,87.25,5.65,1.43,15.22
2018-12-11,17.46,21.84,14.63,80.53,11.34,1.67,12.44
2018-12-12,18.59,24.84,13.28,76.84,0.63,2.45,19.35
2018-12-13,18.52,23.76,14.83,81.38,1.94,3.43,20.2
2018-12-14,17.57,21.64,15.33,88.82,45.78,2.72,18.61
2018-12-15,17.54,22.16,14.29,87.0,3.88,3.01,18.72
2018-12-16,18.27,23.44,13.81,81.92,0.03,2.61,24.99
2018-12-17,17.99,24.15,13.43,79.82,0.08,2.61,25.25
2018-12-18,18.51,24.8,13.8,78.41,0.17,2.77,23.41
2018-12-19,18.32,23.67,14.26,81.44,0.34,2.67,15.78
2018-12-20,17.99,23.26,13.98,76.86,0.05,2.24,20.53
2018-12-21,18.62,24.72,13.6,75.17,0.24,2.74,22.75
2018-12-22,18.96,24.96,14.85,78.86,1.03,3.04,23.71
2018-12-23,18.96,24.76,14.49,78.34,0.14,3.17,23.15
2018-12-24,18.69,24.55,14.27,75.25,0.12,3.64,24.2
2018-12-25,18.47,24.46,14.03,77.84,0.54,3.61,25.37
2018-12-26,18.19,24.42,12.31,73.65,0.02,3.36,24.55
2018-12-27,18.19,23.87,13.81,78.51,0.98,3.32,23.95
2018-12-28,18.55,25.25,14.23,76.02,0.77,2.87,25.11
2018-12-29,18.68,25.45,12.68,74.03,0.69,2.7,24.19
2018-12-30,19.01,25.31,13.41,75.72,0.68,3.38,25.18
2018-12-31,18.54,24.35,14.39,79.1,2.88,3.57,22.3
2019-01-01,18.64,24.91,14.23,76.04,0.91,3.15,25.33
2019-01-02,18.7,26.01,12.4,72.93,0.12,2.83,25.68
2019-01-03,18.92,25.6,12.34,74.4,1.77,3.33,25.56
2019-01-04,18.33,22.8,15.62,85.85,6.97,4.24,18.27
2019-01-05,18.21,23.66,14.86,83.77,12.24,4.21,17.75
2019-01-06,17.89,23.26,13.83,79.2,0.22,3.04,24.23
2019-01-07,18.46,25.84,12.12,64.47,0.0,3.19,24.9
2019-01-08,18.57,25.1,13.59,67.29,0.18,3.05,16.48
2019-01-09,18.49,25.21,12.6,67.71,0.07,3.14,23.66
2019-01-10,17.68,23.4,12.68,74.43,0.46,3.19,20.38
2019-01-11,18.57,24.89,13.22,75.0,0.19,3.79,23.13
2019-01-12,17.93,23.98,11.65,65.54,0.0,3.82,26.93
2019-01-13,17.88,25.09,11.33,71.26,0.85,3.4,26.51
2019-01-14,19.19,26.25,13.0,71.41,0.21,3.2,22.84
2019-01-15,17.99,23.17,13.31,80.05,1.15,2.89,17.58
2019-01-16,18.98,25.34,14.66,69.93,0.9,2.84,17.85
2019-01-17,18.65,26.33,12.8,66.79,0.0,2.42,24.48
2019-01-18,19.76,27.84,12.34,61.55,0.0,2.77,24.79
2019-01-19,19.83,27.63,12.59,61.61,0.0,2.98,25.59
2019-01-20,20.58,29.07,12.64,56.01,0.0,2.47,25.94
2019-01-21,20.28,27.76,13.19,56.8,0.0,2.44,18.11
2019-01-22,19.81,26.32,13.79,64.55,0.01,2.73,25.28
2019-01-23,19.58,25.96,15.09,70.87,0.06,3.0,22.5
2019-01-24,19.14,27.49,12.87,67.52,0.0,3.16,26.57
2019-01-25,20.03,28.01,12.88,62.89,0.06,3.34,26.78
2019-01-26,20.22,26.96,14.9,67.53,0.03,3.39,24.14
2019-01-27,20.06,27.93,13.68,67.07,0.0,3.5,26.61
2019-01-28,19.91,27.08,13.29,66.4,0.01,3.76,25.33
2019-01-29,19.72,27.52,13.89,66.41,0.01,3.35,27.39
2019-01-30,19.34,27.74,11.87,67.58,0.01,3.09,27.32
2019-01-31,20.69,28.73,14.73,62.37,0.08,3.3,27.07
2019-02-01,19.9,27.93,12.87,64.35,0.04,3.28,26.01
2019-02-02,20.39,28.97,12.79,55.07,0.0,3.4,28.32
2019-02-03,21.02,29.99,13.44,50.06,0.0,3.02,27.89
2019-02-04,20.46,28.7,13.5,57.86,0.01,3.37,27.2
2019-02-05,19.92,26.85,13.79,64.38,0.02,4.27,25.69
2019-02-06,19.19,26.09,12.69,65.24,0.05,3.7,27.64
2019-02-07,20.59,27.23,15.28,67.78,0.1,3.62,26.2
2019-02-08,20.32,26.07,16.25,70.1,0.23,3.67,24.7
2019-02-09,20.53,27.19,15.59,66.71,0.13,3.94,25.83
2019-02-10,19.78,27.04,14.69,67.26,0.4,4.13,27.13
2019-02-11,19.86,28.61,12.39,56.23,0.0,3.56,27.14
2019-02-12,19.43,28.23,11.99,58.67,0.05,3.73,26.55
2019-02-13,19.47,27.53,12.33,64.16,0.01,4.02,25.93
2019-02-14,19.99,27.8,12.88,63.41,0.04,3.7,26.41
2019-02-15,21.1,29.88,13.06,61.52,0.21,3.48,26.39
2019-02-16,20.71,26.9,16.09,68.04,0.69,3.68,20.11
2019-02-17,21.26,29.06,15.49,61.25,0.07,3.89,24.68
2019-02-18,21.59,30.98,12.95,46.74,0.0,2.86,26.91
2019-02-19,21.78,28.68,14.16,56.7,0.22,3.18,26.22
2019-02-20,21.12,28.58,15.04,60.96,0.08,4.05,26.58
2019-02-21,20.57,27.87,15.08,62.22,0.27,4.41,23.12
2019-02-22,21.07,27.98,15.13,62.88,0.47,3.99,23.72
2019-02-23,20.22,26.72,15.4,69.8,0.86,3.59,23.05
2019-02-24,20.83,27.79,16.46,66.43,0.56,3.31,20.07
2019-02-25,20.27,27.2,15.23,66.98,0.46,3.09,24.64
2019-02-26,20.41,27.89,13.54,55.96,0.01,3.52,28.35
2019-02-27,20.46,28.78,13.62,58.09,0.07,3.52,28.69
2019-02-28,21.58,30.72,12.8,53.04,0.0,3.37,28.82
2019-03-01,22.82,32.37,14.08,46.98,0.0,2.59,28.17
2019-03-02,23.56,32.45,14.74,43.21,0.2,2.25,23.48
2019-03-03,23.76,32.53,15.96,49.3,0.37,2.38,24.95
2019-03-04,21.87,27.99,16.31,59.83,0.55,2.66,24.08
2019-03-05,21.56,28.21,16.03,59.55,0.47,3.22,24.32
2019-03-06,22.34,30.07,14.64,49.77,0.01,2.96,26.87
2019-03-07,22.83,31.63,14.37,43.91,0.01,3.02,25.5
2019-03-08,21.83,30.65,13.73,44.72,0.16,3.25,25.74
2019-03-09,21.3,29.12,14.66,48.86,0.02,3.75,27.71
2019-03-10,20.98,29.73,12.74,43.48,0.01,3.9,28.76
2019-03-11,21.42,30.0,13.43,46.39,0.03,3.46,28.35
2019-03-12,21.38,30.39,13.69,47.47,0.0,3.61,28.28
2019-03-13,21.06,30.19,12.46,49.74,0.01,3.84,28.03
2019-03-14,20.9,29.39,13.71,55.61,0.08,3.91,27.43
2019-03-15,21.16,29.44,12.69,55.92,0.06,3.79,27.34
2019-03-16,21.55,29.14,14.65,59.19,0.24,3.89,26.89
2019-03-17,22.73,30.68,15.87,54.23,0.01,3.81,27.56
2019-03-18,22.57,29.9,15.48,51.66,0.02,3.81,27.79
2019-03-19,22.08,30.38,14.15,55.03,0.0,3.79,28.35
2019-03-20,22.29,30.65,15.37,55.03,0.06,3.77,26.96
2019-03-21,22.77,31.52,14.33,51.24,0.0,3.46,27.41
2019-03-22,22.72,31.08,15.18,52.67,0.03,3.62,27.57
2019-03-23,21.57,30.36,14.35,58.69,0.4,3.78,28.2
2019-03-24,21.83,30.03,15.39,54.58,0.3,3.84,24.94
2019-03-25,22.72,31.94,13.03,48.48,0.0,2.98,25.09
2019-03-26,22.9,31.84,14.25,46.42,0.0,3.18,26.97
2019-03-27,21.79,29.52,15.04,53.43,3.47,3.9,22.7
2019-03-28,20.55,27.69,15.18,66.43,6.38,3.35,23.16
2019-03-29,21.42,29.48,14.51,64.78,0.91,3.25,26.0
2019-03-30,21.98,29.41,15.95,60.71,0.33,3.75,26.69
2019-03-31,21.87,30.16,15.71,56.8,0.34,3.35,26.22
2019-04-01,21.69,29.84,15.44,58.99,0.91,3.4,24.92
2019-04-02,21.99,30.02,15.63,57.62,0.22,3.77,26.11
2019-04-03,21.88,30.29,14.86,61.72,0.41,3.5,25.45
2019-04-04,21.33,27.76,16.79,69.25,1.61,3.98,21.47
2019-04-05,21.49,28.74,16.33,68.61,0.48,4.32,23.93
2019-04-06,21.56,29.12,15.99,62.89,0.83,4.18,26.49
2019-04-07,21.29,29.42,13.57,61.01,0.08,3.6,24.57
2019-04-08,22.72,31.23,15.66,56.89,0.15,3.23,26.36
2019-04-09,22.11,29.1,16.9,61.05,0.89,3.42,21.46
2019-04-10,21.45,27.89,16.47,58.99,0.06,3.27,24.5
2019-04-11,20.72,27.0,15.21,67.38,0.47,3.5,22.93
2019-04-12,21.69,28.91,16.26,63.26,0.14,3.79,24.47
2019-04-13,21.79,29.03,15.74,63.22,0.39,3.67,24.53
2019-04-14,22.06,29.37,16.15,58.89,0.09,3.78,21.91
2019-04-15,21.56,29.59,14.91,57.92,0.01,3.52,26.36
2019-04-16,21.89,30.54,15.34,53.93,0.03,3.26,25.91
2019-04-17,21.23,30.68,13.14,48.76,0.0,2.91,25.95
2019-04-18,22.23,31.31,14.13,53.63,0.02,2.98,24.67
2019-04-19,22.82,31.38,16.43,61.09,0.51,3.37,23.1
2019-04-20,23.21,31.74,16.36,59.13,0.7,2.75,24.72
2019-04-21,21.79,28.45,16.87,66.78,0.47,2.5,22.93
2019-04-22,22.28,30.02,16.24,64.87,0.62,2.71,21.14
2019-04-23,22.21,30.3,16.59,67.2,2.21,2.4,18.75
2019-04-24,21.2,27.43,17.29,68.52,4.42,2.46,19.52
2019-04-25,21.15,28.76,16.7,72.27,5.63,2.41,19.21
2019-04-26,20.38,27.14,16.25,79.77,15.56,2.39,17.91
2019-04-27,20.92,26.83,15.99,74.2,1.42,2.02,17.06
2019-04-28,21.84,29.27,17.1,72.24,0.78,2.8,24.47
2019-04-29,21.22,28.66,16.73,73.65,0.54,3.5,22.8
2019-04-30,20.65,27.23,16.16,75.35,0.84,3.66,20.78
2019-05-01,21.08,28.09,16.51,71.52,0.29,3.61,24.71
2019-05-02,20.92,27.66,16.29,69.86,0.3,3.14,22.74
2019-05-03,21.38,28.93,16.27,66.87,0.32,2.87,19.35
2019-05-04,20.82,28.39,15.65,71.91,1.03,3.32,19.14
2019-05-05,19.8,26.63,14.09,73.83,10.69,2.97,20.56
2019-05-06,20.31,27.27,16.0,73.22,1.8,2.89,20.69
2019-05-07,20.34,27.99,15.19,69.3,1.16,2.95,22.53
2019-05-08,20.2,27.53,14.47,66.96,0.22,2.79,21.11
2019-05-09,19.54,27.21,13.84,71.2,1.85,2.43,21.11
2019-05-10,18.17,23.18,13.27,71.27,0.15,3.02,18.18
2019-05-11,17.41,23.09,11.56,65.9,0.58,2.17,20.37
2019-05-12,19.27,27.04,12.79,68.04,0.95,2.44,18.2
2019-05-13,19.56,27.5,13.92,73.45,1.95,2.63,17.82
2019-05-14,19.69,27.39,14.78,70.27,1.26,3.44,16.93
2019-05-15,19.7,26.56,14.88,74.05,0.68,3.18,21.0
2019-05-16,20.02,27.57,14.47,71.08,0.59,3.11,20.25
2019-05-17,20.27,27.49,14.96,73.44,1.02,3.25,21.31
2019-05-18,18.69,24.74,14.55,78.8,2.76,3.3,15.28
2019-05-19,18.02,23.74,13.5,75.45,0.83,2.02,16.05
2019-05-20,18.64,26.11,13.62,73.93,0.93,2.45,18.35
2019-05-21,19.24,27.37,13.25,62.45,0.06,2.38,20.98
2019-05-22,19.77,27.69,13.81,68.76,0.98,2.43,20.35
2019-05-23,18.85,25.71,14.33,77.68,6.27,2.82,18.59
2019-05-24,18.14,24.97,14.19,75.83,2.3,2.89,17.42
2019-05-25,18.02,25.38,12.63,70.92,0.86,2.54,14.74
2019-05-26,18.46,25.82,13.23,72.81,2.18,2.56,14.92
2019-05-27,18.4,24.3,14.12,74.64,0.78,2.36,15.68
2019-05-28,18.48,24.41,13.3,73.97,0.5,2.36,18.23
2019-05-29,18.42,24.37,13.78,71.8,0.28,2.24,16.4
2019-05-30,19.33,27.25,12.5,67.0,0.29,2.02,22.16
2019-05-31,19.26,25.97,14.91,73.1,0.71,1.56,18.19
2019-06-01,19.4,26.45,14.98,76.19,2.91,1.49,19.88
2019-06-02,19.39,26.07,15.95,81.3,8.69,1.29,14.62
2019-06-03,18.66,24.52,14.37,77.84,8.85,1.64,16.4
2019-06-04,18.9,25.66,13.74,76.27,3.89,1.39,12.85
2019-06-05,17.64,22.59,14.68,82.5,5.19,2.07,11.16
2019-06-06,18.18,24.28,13.97,77.92,1.97,1.72,14.48
2019-06-07,18.69,25.13,13.56,77.42,2.43,1.4,15.15
2019-06-08,18.55,24.61,14.63,75.02,1.63,2.06,14.98
2019-06-09,17.29,21.33,14.37,82.22,1.66,2.44,6.99
2019-06-10,17.73,24.7,13.16,73.51,0.47,2.45,10.47
2019-06-11,16.27,21.78,12.07,75.76,1.16,1.64,12.82
2019-06-12,17.53,23.74,12.71,76.03,0.31,1.98,11.37
2019-06-13,18.74,25.57,13.48,72.63,0.36,2.04,17.17
2019-06-14,18.67,24.5,14.5,76.94,0.85,2.45,15.93
2019-06-15,18.64,24.46,14.81,76.06,0.97,2.09,11.69
2019-06-16,18.28,24.32,13.85,75.99,0.52,2.07,16.88
2019-06-17,17.97,24.49,12.71,69.0,0.05,1.98,20.08
2019-06-18,18.56,26.4,12.49,65.39,0.23,1.79,17.07
2019-06-19,18.89,25.96,13.18,71.79,0.3,1.22,19.77
2019-06-20,18.88,25.36,13.83,74.07,0.39,1.62,18.15
2019-06-21,18.58,25.74,13.71,76.35,0.58,1.57,13.27
2019-06-22,18.2,24.77,13.56,75.78,0.46,1.54,18.27
2019-06-23,17.59,23.35,13.15,75.65,0.36,1.32,16.24
2019-06-24,19.11,25.27,14.31,73.69,2.31,0.98,9.84
2019-06-25,17.8,22.85,15.03,81.94,10.01,1.5,14.17
2019-06-26,17.56,22.95,14.33,79.86,2.35,2.0,13.25
2019-06-27,18.34,25.22,12.96,75.28,0.78,1.7,16.55
2019-06-28,18.98,25.67,13.17,74.22,1.04,1.5,15.03
2019-06-29,19.3,26.28,13.82,69.18,0.51,1.57,21.68
2019-06-30,18.61,26.19,12.02,64.81,0.07,2.01,19.34
2019-07-01,18.54,25.06,13.73,69.56,0.17,2.01,18.94
2019-07-02,19.21,26.21,13.62,70.45,0.12,1.85,19.99
2019-07-03,18.86,25.77,13.71,69.93,0.22,2.03,14.12
2019-07-04,18.45,25.22,12.98,66.96,0.12,1.77,19.14
2019-07-05,18.64,26.03,12.19,65.96,0.12,1.68,19.86
2019-07-06,18.43,24.53,13.24,72.01,0.48,2.21,16.38
2019-07-07,18.4,25.67,13.46,70.19,0.15,2.23,16.54
2019-07-08,18.77,26.7,13.26,66.59,0.05,1.99,19.89
2019-07-09,18.71,27.16,12.72,65.64,0.09,2.0,22.48
2019-07-10,19.18,26.76,12.91,67.05,0.28,2.02,18.37
2019-07-11,19.1,26.45,14.12,68.42,0.29,3.11,19.46
2019-07-12,19.19,27.08,13.21,63.93,0.35,2.55,20.94
2019-07-13,18.32,24.29,12.92,66.29,0.43,2.57,18.23
2019-07-14,18.56,25.55,12.92,66.44,0.2,2.75,16.86
2019-07-15,17.8,25.07,12.33,67.64,0.55,3.39,18.21
2019-07-16,17.39,24.52,12.02,65.33,0.26,2.83,15.64
2019-07-17,17.81,25.56,12.47,68.07,0.36,3.22,15.91
2019-07-18,17.69,25.7,11.22,65.31,0.22,3.22,18.57
2019-07-19,17.71,23.97,12.91,70.62,0.55,2.52,19.28
2019-07-20,18.17,25.02,12.62,71.42,0.4,1.92,17.87
2019-07-21,18.1,23.06,13.27,71.37,1.04,1.48,21.25
2019-07-22,18.4,25.04,13.08,62.41,0.06,2.32,16.45
2019-07-23,17.48,23.23,10.1,60.39,0.14,1.54,20.85
2019-07-24,18.99,25.31,12.64,59.8,0.11,1.96,20.6
2019-07-25,18.71,27.07,11.85,58.8,0.29,2.04,22.99
2019-07-26,19.64,28.08,11.39,58.9,0.08,2.15,22.6
2019-07-27,18.9,26.49,12.31,63.09,1.58,2.11,22.39
2019-07-28,18.18,25.08,12.49,66.82,1.02,2.07,19.32
2019-07-29,18.06,24.9,13.52,70.64,3.36,1.63,17.94
2019-07-30,16.82,21.06,13.59,80.23,4.39,1.6,14.15
2019-07-31,17.45,23.06,13.51,80.5,4.17,2.05,13.01
2019-08-01,17.79,23.77,13.6,72.03,1.42,2.1,17.33
2019-08-02,18.54,26.28,12.58,70.17,0.27,2.99,18.65
2019-08-03,17.91,26.23,11.77,65.73,0.09,2.6,22.47
2019-08-04,18.43,27.33,12.0,60.84,0.07,2.44,25.91
2019-08-05,19.53,28.15,12.59,60.8,0.06,1.94,24.88
2019-08-06,20.14,28.92,12.37,57.08,0.06,1.92,24.21
2019-08-07,19.78,26.26,14.53,68.71,0.87,2.8,18.05
2019-08-08,19.09,26.02,14.2,66.43,0.67,3.32,19.86
2019-08-09,19.05,26.94,12.23,59.29,0.01,2.32,23.44
2019-08-10,18.92,27.77,11.73,62.76,0.35,2.39,21.56
2019-08-11,18.75,25.98,13.15,69.6,0.25,2.81,14.75
2019-08-12,17.62,23.31,12.81,64.21,0.17,2.31,22.71
2019-08-13,18.94,27.01,12.57,62.34,0.17,2.35,23.89
2019-08-14,18.26,25.34,12.68,64.56,0.32,2.09,17.17
2019-08-15,17.89,25.52,11.5,59.34,0.15,2.53,18.06
2019-08-16,17.54,24.73,12.03,64.36,0.11,2.38,14.09
2019-08-17,18.97,26.39,12.25,62.39,0.2,2.23,19.17
2019-08-18,18.89,26.2,12.93,65.45,0.64,2.32,18.28
2019-08-19,18.68,25.7,13.6,66.8,0.81,2.57,14.52
2019-08-20,19.06,26.84,12.48,62.15,0.31,2.09,19.19
2019-08-21,18.89,25.89,12.88,63.99,0.23,2.59,17.57
2019-08-22,19.76,28.08,13.3,61.0,0.44,2.77,18.93
2019-08-23,19.45,27.21,13.5,61.42,0.56,2.68,20.34
2019-08-24,18.84,26.66,13.95,68.39,2.04,3.45,14.79
2019-08-25,19.24,27.6,12.67,55.41,0.05,3.03,21.6
2019-08-26,19.59,27.55,13.76,61.0,0.17,2.86,22.17
2019-08-27,20.09,27.6,13.11,60.24,0.26,1.68,23.17
2019-08-28,19.51,26.35,14.25,66.39,1.95,1.72,22.5
2019-08-29,18.83,23.47,14.19,66.69,0.65,1.66,19.53
2019-08-30,19.57,26.3,14.15,67.59,0.63,1.95,20.2
2019-08-31,18.14,22.83,14.31,73.33,1.73,1.34,19.29
2019-09-01,19.62,27.08,13.47,70.21,1.29,1.43,17.22
2019-09-02,19.68,25.89,15.6,69.52,0.53,2.29,22.44
2019-09-03,18.9,25.29,13.71,67.41,0.39,2.37,19.29
2019-09-04,20.2,28.16,13.74,62.56,0.18,2.36,18.72
2019-09-05,18.09,24.27,13.1,62.8,0.14,2.29,18.9
2019-09-06,19.64,26.74,12.79,62.58,0.15,2.03,21.96
2019-09-07,18.43,24.11,14.55,66.02,0.63,2.55,12.06
2019-09-08,18.38,24.68,13.52,65.19,0.66,2.61,11.97
2019-09-09,19.48,28.04,12.94,59.21,0.15,3.72,18.0
2019-09-10,19.28,27.64,13.32,71.59,2.46,3.45,17.57
2019-09-11,19.96,28.69,13.63,63.1,0.18,3.16,23.01
2019-09-12,20.2,29.33,13.69,59.36,0.14,2.95,23.98
2019-09-13,20.83,30.4,14.47,58.4,0.11,3.14,27.06
2019-09-14,21.03,30.41,14.49,57.55,0.15,3.07,26.65
2019-09-15,20.9,30.25,14.5,57.65,0.15,3.11,26.21
2019-09-16,20.69,29.89,14.29,59.5,0.05,3.38,26.39
2019-09-17,20.15,29.86,12.97,51.65,0.05,2.98,26.88
2019-09-18,20.56,30.13,13.55,55.03,0.04,2.74,24.95
2019-09-19,20.04,29.33,13.51,52.81,0.04,3.2,28.13
2019-09-20,19.63,29.28,12.53,53.2,0.01,3.0,25.27
2019-09-21,20.33,28.81,12.61,56.91,0.02,2.54,24.32
2019-09-22,20.23,27.36,13.78,61.42,0.26,2.4,23.31
2019-09-23,19.24,25.39,14.29,61.21,0.97,1.92,23.73
2019-09-24,19.78,25.78,14.32,64.65,0.82,2.14,21.55
2019-09-25,19.25,25.34,14.41,63.5,0.5,1.83,19.06
2019-09-26,19.87,26.79,14.96,71.18,3.01,3.74,17.41
2019-09-27,19.13,26.44,13.56,66.79,0.59,3.49,16.19
2019-09-28,20.97,29.75,13.75,54.87,0.14,2.65,25.02
2019-09-29,20.82,28.84,13.02,53.04,0.03,2.8,26.78
2019-09-30,21.39,31.04,13.78,57.08,0.9,2.95,26.21
2019-10-01,20.88,28.44,15.79,67.13,4.16,3.15,23.73
2019-10-02,20.15,26.91,15.51,70.28,3.52,3.51,23.79
2019-10-03,18.98,27.38,14.37,70.91,3.29,4.05,22.6
2019-10-04,19.07,26.55,14.15,68.38,3.15,3.48,19.07
2019-10-05,18.67,26.02,13.41,74.74,5.98,3.58,17.61
2019-10-06,18.55,26.21,13.26,70.2,1.24,3.48,16.42
2019-10-07,18.86,27.31,12.61,60.7,0.37,2.95,24.39
2019-10-08,19.64,27.96,13.4,66.59,3.96,3.31,25.12
2019-10-09,19.54,27.39,14.08,72.81,11.76,3.84,20.84
2019-10-10,18.83,25.74,14.57,76.5,11.97,4.18,19.28
2019-10-11,18.82,25.52,14.52,76.47,10.85,4.03,17.42
2019-10-12,18.89,26.2,13.88,75.05,14.0,3.68,17.0
2019-10-13,18.9,25.68,14.25,78.33,7.59,3.34,17.32
2019-10-14,19.34,26.33,14.44,77.0,6.71,3.24,16.15
2019-10-15,18.62,26.34,13.38,67.31,0.28,2.48,20.57
2019-10-16,18.92,26.05,12.23,71.05,0.62,2.61,24.85
2019-10-17,19.38,26.48,14.55,76.98,4.86,3.31,16.85
2019-10-18,18.71,25.45,14.09,78.64,7.91,3.25,18.28
2019-10-19,18.61,25.17,14.12,78.89,2.84,3.23,17.33
2019-10-20,19.27,26.37,14.75,73.02,0.88,2.95,21.92
2019-10-21,19.65,26.71,14.03,74.15,1.18,2.52,24.52
2019-10-22,20.28,27.74,14.97,70.82,2.91,2.87,24.12
2019-10-23,19.87,26.63,15.57,75.17,5.13,3.42,21.09
2019-10-24,19.06,25.71,14.73,74.88,5.06,3.76,21.74
2019-10-25,18.55,25.35,14.21,75.2,11.58,3.24,20.96
2019-10-26,18.56,24.48,14.74,79.5,5.9,2.96,15.17
2019-10-27,19.1,25.52,14.23,75.58,3.36,2.75,23.35
2019-10-28,19.2,26.16,13.13,74.76,6.02,2.25,22.9
2019-10-29,19.04,24.55,15.19,80.12,6.06,2.84,22.34
2019-10-30,18.56,23.23,15.0,83.41,9.42,3.14,17.48
2019-10-31,18.9,24.69,13.83,77.59,1.75,2.51,23.2
2019-11-01,18.56,25.35,13.76,75.73,0.92,1.89,22.76
2019-11-02,18.61,25.97,13.47,73.67,0.28,2.03,24.47
2019-11-03,18.82,25.76,13.99,73.99,0.69,2.32,22.18
2019-11-04,19.34,26.49,14.21,71.84,1.04,2.71,23.58
2019-11-05,19.46,27.14,14.12,69.61,0.45,2.34,25.25
2019-11-06,19.98,27.5,14.12,69.87,1.45,2.34,24.16
2019-11-07,19.62,26.86,14.5,74.83,4.66,3.01,21.58
2019-11-08,19.8,26.76,15.03,69.21,0.4,3.21,20.87
2019-11-09,19.52,26.2,14.46,74.45,1.27,2.88,22.08
2019-11-10,19.92,26.54,15.12,76.12,4.14,3.29,21.48
2019-11-11,19.54,25.8,15.18,79.49,5.5,3.33,19.06
2019-11-12,18.99,23.66,15.99,84.92,13.92,3.65,17.75
2019-11-13,18.14,23.52,15.79,87.67,14.02,2.54,14.68
2019-11-14,17.52,19.76,15.26,90.6,9.18,3.11,17.77
2019-11-15,19.1,24.97,15.26,80.46,4.28,3.12,22.01
2019-11-16,18.98,24.54,15.54,83.71,2.18,3.5,24.72
2019-11-17,18.11,22.58,14.89,85.59,9.38,3.5,23.79
2019-11-18,18.87,24.43,15.16,83.36,5.45,3.8,20.08
2019-11-19,18.19,23.11,14.83,83.26,5.25,4.22,20.37
2019-11-20,18.52,23.9,14.73,81.94,1.98,2.7,21.59
2019-11-21,19.31,25.26,14.78,79.2,1.72,2.32,21.94
2019-11-22,18.68,22.46,15.39,84.08,6.17,2.61,22.06
2019-11-23,18.48,23.06,15.67,85.64,9.42,3.51,14.38
2019-11-24,18.38,24.0,14.12,84.43,9.24,2.43,16.93
2019-11-25,17.56,20.93,14.8,85.38,17.07,1.36,15.45
2019-11-26,17.9,22.06,14.78,86.1,6.22,1.64,17.66
2019-11-27,18.2,22.78,14.57,85.1,3.75,2.86,22.58
2019-11-28,18.35,23.87,13.89,80.49,0.55,2.97,23.03
2019-11-29,18.68,24.27,14.41,83.12,2.36,2.39,19.04
2019-11-30,18.28,21.7,15.87,87.44,10.4,2.49,16.91
2019-12-01,18.26,22.92,15.31,88.14,21.27,3.41,15.9
2019-12-02,18.16,22.95,14.74,85.96,26.09,2.24,16.97
2019-12-03,18.65,23.36,15.34,87.37,7.17,2.84,16.53
2019-12-04,18.6,23.57,15.29,84.21,1.83,2.05,18.69
2019-12-05,18.55,23.82,14.13,83.61,1.08,2.07,17.14
2019-12-06,18.59,23.44,14.79,87.5,13.36,2.43,22.05
2019-12-07,18.76,22.96,15.88,87.63,7.65,2.65,16.43
2019-12-08,19.11,23.59,15.12,84.12,3.45,2.19,15.01
2019-12-09,18.51,23.08,14.89,87.58,8.9,2.16,12.76
2019-12-10,18.69,22.99,15.52,87.86,15.44,3.34,15.05
2019-12-11,17.94,22.15,15.06,86.76,2.62,3.24,21.13
2019-12-12,17.61,23.2,12.82,84.51,6.93,2.58,20.52
2019-12-13,17.68,22.67,14.0,86.08,5.73,2.64,21.77
2019-12-14,17.45,21.37,14.89,88.18,7.96,2.57,21.7
2019-12-15,17.4,22.12,13.53,87.52,17.43,2.77,22.05
2019-12-16,17.9,22.88,14.16,85.72,3.9,2.38,24.26
2019-12-17,18.06,21.92,14.58,86.31,0.82,2.23,22.14
2019-12-18,18.52,23.06,15.51,85.44,0.66,3.12,23.42
2019-12-19,17.29,23.58,12.54,77.99,0.01,3.04,26.66
2019-12-20,17.9,24.36,11.13,77.89,3.01,2.45,25.97
2019-12-21,18.0,21.61,15.15,89.38,4.27,2.43,18.11
2019-12-22,18.15,22.48,15.64,86.35,0.77,2.68,19.43
2019-12-23,18.41,23.09,14.87,86.27,4.0,2.37,18.48
2019-12-24,18.69,23.26,15.6,85.58,3.76,2.58,19.65
2019-12-25,18.77,23.13,15.66,86.03,4.11,2.81,21.07
2019-12-26,19.21,23.9,16.16,84.36,0.41,2.14,16.39
2019-12-27,19.73,25.27,15.82,81.73,0.16,1.27,20.95
2019-12-28,19.19,24.67,14.66,83.63,1.17,1.54,17.32
2019-12-29,18.28,23.75,14.19,85.63,0.52,2.33,19.73
2019-12-30,17.93,23.51,12.71,83.32,0.15,2.75,23.1
2019-12-31,17.85,23.76,13.01,82.85,1.97,2.79,25.64
2020-01-01,17.58,24.29,11.35,78.82,0.06,2.72,26.76
2020-01-02,17.58,22.96,12.96,85.18,2.02,3.23,25.5
2020-01-03,17.96,23.31,13.81,85.09,1.48,3.65,23.61
2020-01-04,17.37,22.02,14.39,85.89,0.13,3.34,23.16
2020-01-05,17.32,22.8,13.51,83.04,1.04,2.27,23.51
2020-01-06,18.34,24.23,13.1,79.48,0.39,2.49,23.13
2020-01-07,17.95,21.83,14.29,87.08,2.91,3.45,20.53
2020-01-08,17.74,22.37,14.72,85.76,5.82,3.49,15.11
2020-01-09,17.34,20.77,14.31,90.1,2.34,2.41,22.07
2020-01-10,18.3,24.21,14.25,81.88,0.37,2.35,23.46
2020-01-11,18.26,23.87,13.2,73.53,0.08,2.06,23.25
2020-01-12,18.24,25.11,12.98,75.44,0.34,1.45,21.91
2020-01-13,18.33,23.55,14.67,83.05,11.69,1.64,14.77
2020-01-14,18.42,23.85,14.14,82.73,10.64,2.62,22.21
2020-01-15,18.43,23.34,14.49,84.59,4.56,2.85,24.43
2020-01-16,18.83,24.39,14.52,81.67,0.96,2.56,22.08
2020-01-17,18.39,22.4,15.34,84.31,0.28,1.57,20.8
2020-01-18,19.42,25.0,15.63,76.93,0.16,1.57,21.84
2020-01-19,19.45,25.62,14.93,74.4,0.03,1.95,21.35
2020-01-20,19.44,26.65,13.37,72.17,0.01,1.76,25.08
2020-01-21,19.88,27.18,12.79,66.37,0.0,1.89,21.27
2020-01-22,19.89,26.73,14.13,70.46,0.01,1.93,22.78
2020-01-23,18.6,23.11,15.75,79.1,0.24,1.85,18.19
2020-01-24,19.22,23.81,16.09,80.19,1.94,2.2,11.59
2020-01-25,18.21,21.85,15.35,90.42,12.75,2.94,17.22
2020-01-26,17.79,21.53,15.15,85.94,13.56,2.96,16.8
2020-01-27,18.22,23.14,14.35,86.14,6.76,3.22,17.97
2020-01-28,17.82,22.22,14.65,86.72,4.71,3.5,16.73
2020-01-29,17.97,22.55,14.64,86.85,4.5,2.88,19.24
2020-01-30,18.27,22.72,15.03,85.53,2.78,2.53,19.15
2020-01-31,18.1,22.05,14.94,86.78,4.05,1.56,22.59
2020-02-01,18.43,22.8,15.54,82.87,9.74,1.21,14.99
2020-02-02,18.14,23.41,14.36,84.47,2.21,1.9,16.82
2020-02-03,18.75,23.45,15.43,83.03,2.68,2.26,24.5
2020-02-04,17.91,23.03,14.75,84.74,0.62,2.3,24.14
2020-02-05,17.62,21.93,12.89,83.69,0.21,2.46,26.07
2020-02-06,17.84,24.26,12.89,78.96,0.11,2.74,24.17
2020-02-07,18.06,24.98,12.64,75.38,0.03,3.07,28.07
2020-02-08,17.36,24.67,11.47,79.11,0.27,2.96,27.07
2020-02-09,17.96,25.14,12.6,77.28,0.05,2.72,27.75
2020-02-10,18.18,26.32,11.3,66.25,0.0,2.3,28.41
2020-02-11,19.61,28.34,12.17,59.57,0.0,1.68,28.08
2020-02-12,20.16,27.97,13.73,66.14,0.02,1.93,26.66
2020-02-13,19.26,24.76,15.81,81.3,2.07,3.73,23.8
2020-02-14,18.9,24.81,15.18,79.49,0.78,4.26,21.94
2020-02-15,18.63,24.38,14.78,82.74,8.21,4.0,23.59
2020-02-16,18.87,24.87,14.58,80.92,1.44,3.58,17.76
2020-02-17,19.66,25.9,14.96,78.85,0.49,2.96,26.2
2020-02-18,19.82,26.57,15.26,78.86,1.17,3.0,25.22
2020-02-19,19.94,26.41,15.35,77.17,1.38,3.14,24.08
2020-02-20,20.67,27.41,16.0,73.29,0.35,2.93,27.06
2020-02-21,20.07,27.37,13.86,73.42,0.17,3.0,24.71
2020-02-22,19.66,25.99,15.41,78.77,0.56,3.4,23.78
2020-02-23,19.55,26.67,13.94,79.36,0.7,3.77,21.93
2020-02-24,19.7,26.94,13.55,73.05,0.1,3.12,24.38
2020-02-25,20.69,28.25,13.98,68.62,0.17,2.55,19.13
2020-02-26,19.66,25.35,14.38,76.79,2.7,2.95,19.15
2020-02-27,20.08,26.03,16.84,79.0,1.98,3.6,21.71
2020-02-28,20.09,27.44,15.26,74.75,0.25,2.71,23.88
2020-02-29,21.08,29.58,14.1,65.82,0.22,2.03,22.17
2020-03-01,20.64,27.49,17.3,75.37,8.66,1.42,20.17
2020-03-02,20.84,26.75,16.61,77.13,6.39,1.65,15.33
2020-03-03,21.08,27.63,17.05,74.2,1.41,2.05,19.8
2020-03-04,19.99,25.78,16.77,77.21,3.62,2.1,19.33
2020-03-05,20.53,28.35,15.04,68.08,1.81,1.94,23.99
2020-03-06,21.03,28.46,15.69,70.54,1.91,1.84,26.96
2020-03-07,20.98,28.25,15.95,72.25,1.02,2.03,26.88
2020-03-08,19.78,25.51,16.77,84.29,4.41,3.06,21.19
2020-03-09,20.71,26.33,16.33,78.47,1.76,2.27,18.94
2020-03-10,20.86,28.04,16.13,74.8,0.48,2.18,21.85
2020-03-11,20.67,26.72,16.36,78.48,0.75,2.98,22.61
2020-03-12,20.49,26.14,16.7,76.66,1.02,3.87,20.17
2020-03-13,20.83,27.51,16.4,78.06,1.53,3.8,22.17
2020-03-14,20.96,26.73,17.42,76.23,1.37,3.25,22.65
2020-03-15,21.19,28.7,15.0,68.23,0.03,3.0,27.08
2020-03-16,21.62,28.92,16.16,70.93,0.28,3.04,25.54
2020-03-17,20.35,26.16,16.2,76.86,1.78,3.36,21.65
2020-03-18,20.04,26.34,15.54,74.94,2.01,3.13,22.57
2020-03-19,19.77,26.71,15.06,75.86,2.37,3.12,21.67
2020-03-20,19.5,25.09,15.53,78.21,2.04,3.41,23.37
2020-03-21,20.35,27.75,15.12,68.31,0.45,3.81,25.67
2020-03-22,19.95,27.42,13.78,69.53,0.52,2.99,26.91
2020-03-23,19.74,26.11,14.1,70.13,0.0,2.82,25.38
2020-03-24,20.3,27.39,15.29,71.59,0.31,2.7,22.61
2020-03-25,19.55,24.6,15.22,76.95,2.13,1.93,23.61
2020-03-26,20.18,26.47,16.56,79.06,6.1,1.52,23.43
2020-03-27,18.28,21.43,16.34,86.85,8.24,2.14,15.02
2020-03-28,19.76,26.57,14.87,73.94,10.38,2.32,15.06
2020-03-29,17.83,21.02,15.22,86.4,15.71,1.8,21.14
2020-03-30,19.73,26.48,14.28,76.58,0.83,2.57,23.6
2020-03-31,19.3,24.86,16.21,82.85,2.73,2.65,23.3
2020-04-01,19.32,24.28,16.16,84.25,2.1,2.87,25.45
2020-04-02,20.06,26.16,16.12,79.9,1.44,3.17,24.9
2020-04-03,20.17,26.04,16.53,79.27,3.92,3.83,24.02
2020-04-04,20.31,27.18,16.26,75.92,0.12,3.52,22.64
2020-04-05,19.84,26.26,15.38,78.56,1.67,3.51,22.4
2020-04-06,19.72,25.14,16.58,81.47,10.53,3.59,22.37
2020-04-07,19.68,24.99,16.03,81.06,1.07,3.66,20.84
2020-04-08,19.89,26.82,15.21,77.81,1.31,3.32,26.19
2020-04-09,19.96,26.37,15.61,75.59,2.39,3.34,23.79
2020-04-10,19.97,26.92,14.56,73.98,0.28,2.79,22.79
2020-04-11,20.45,27.45,14.99,72.47,0.38,2.33,24.18
2020-04-12,20.63,27.97,15.28,75.03,1.3,2.61,21.78
2020-04-13,19.95,26.72,15.48,79.33,0.79,2.91,18.44
2020-04-14,20.27,25.61,16.27,76.49,0.83,2.17,19.64
2020-04-15,20.98,27.9,15.76,73.0,9.1,2.77,23.11
2020-04-16,19.97,26.04,15.95,75.2,8.68,2.52,24.25
2020-04-17,20.07,26.76,15.32,76.74,20.33,2.0,20.15
2020-04-18,18.38,22.63,15.48,86.25,12.28,2.35,18.28
2020-04-19,18.46,23.91,15.1,83.39,7.7,1.35,14.09
2020-04-20,17.51,20.56,15.96,89.32,15.44,2.05,15.64
2020-04-21,18.3,23.15,14.32,85.56,37.82,1.67,14.48
2020-04-22,17.33,21.89,14.4,88.75,11.76,1.53,15.08
2020-04-23,17.49,21.5,14.49,89.25,57.27,1.58,10.28
2020-04-24,18.07,22.35,15.73,89.91,65.62,1.95,20.44
2020-04-25,17.36,20.31,15.32,90.57,14.42,2.22,15.4
2020-04-26,18.18,23.36,14.53,82.65,1.79,1.54,16.15
2020-04-27,17.35,22.22,13.87,84.92,2.53,2.25,19.6
2020-04-28,17.1,21.76,13.75,86.73,10.14,2.05,19.51
2020-04-29,17.58,22.03,13.79,86.45,10.24,2.06,19.51
2020-04-30,17.11,20.98,13.87,87.67,2.5,2.16,17.44
2020-05-01,17.65,21.67,14.26,87.58,0.5,2.47,20.0
2020-05-02,16.8,22.7,12.63,81.86,1.22,1.91,16.67
2020-05-03,17.37,23.61,12.64,80.06,0.47,1.41,19.8
2020-05-04,18.27,24.15,13.25,81.78,0.56,1.74,22.22
2020-05-05,18.66,23.97,13.91,85.18,1.13,2.09,20.47
2020-05-06,17.24,21.52,13.25,86.3,1.99,2.88,19.82
2020-05-07,17.29,22.45,13.07,84.69,0.78,2.53,18.67
2020-05-08,16.81,21.46,12.4,84.9,0.38,1.98,14.28
2020-05-09,17.6,22.57,13.86,86.35,0.75,2.25,16.88
2020-05-10,16.82,21.26,13.38,88.38,11.75,2.46,15.73
2020-05-11,17.55,22.73,13.52,86.53,1.65,2.44,15.44
2020-05-12,17.7,22.7,13.31,85.42,1.09,1.78,19.58
2020-05-13,17.99,23.14,14.23,85.2,3.26,2.08,22.73
2020-05-14,18.84,24.56,14.89,80.72,1.54,1.44,23.72
2020-05-15,18.41,23.17,14.9,86.87,3.98,1.84,19.72
2020-05-16,17.06,21.8,13.21,85.83,0.79,1.69,15.34
2020-05-17,17.05,23.09,12.07,81.06,0.04,1.57,16.31
2020-05-18,17.14,23.6,12.15,77.87,0.16,1.37,21.91
2020-05-19,17.63,23.32,11.81,74.66,0.45,1.63,23.66
2020-05-20,17.67,23.04,13.4,84.73,0.33,2.21,20.24
2020-05-21,17.51,22.79,14.08,86.27,0.31,2.79,14.6
2020-05-22,17.31,22.9,13.52,82.87,0.27,2.41,19.85
2020-05-23,17.14,23.12,11.71,81.1,0.07,1.4,20.03
2020-05-24,17.93,23.57,13.62,82.98,0.14,1.43,18.86
2020-05-25,17.89,23.59,13.19,79.69,0.17,1.82,21.89
2020-05-26,18.16,23.99,13.94,82.46,0.53,1.91,22.79
2020-05-27,18.26,24.04,13.74,81.5,0.29,1.62,22.35
2020-05-28,17.78,23.64,12.97,81.69,0.51,1.59,23.01
2020-05-29,17.98,23.45,13.75,82.99,1.03,2.2,20.56
2020-05-30,17.12,24.19,11.53,77.08,0.25,1.74,24.78
2020-05-31,17.06,23.94,11.78,78.63,0.1,1.96,24.82
2020-06-01,17.69,23.98,12.48,79.3,0.11,1.83,19.39
2020-06-02,17.28,23.11,12.38,81.02,0.36,2.38,22.3
2020-06-03,17.21,22.76,12.5,81.54,0.45,2.2,18.76
2020-06-04,17.99,24.57,13.24,76.09,0.24,2.08,22.93
2020-06-05,16.69,22.9,12.39,77.98,0.02,1.23,22.63
2020-06-06,17.59,23.67,10.86,78.29,0.14,1.47,22.11
2020-06-07,17.63,22.92,13.76,82.87,1.43,1.84,21.14
2020-06-08,16.79,21.85,13.95,85.33,3.64,2.69,9.07
2020-06-09,16.12,21.94,12.13,78.49,0.35,1.82,17.8
2020-06-10,16.38,21.94,12.4,82.75,0.51,1.99,7.17
2020-06-11,17.08,24.04,12.09,82.26,1.1,1.21,18.79
2020-06-12,17.25,23.46,12.59,83.66,16.97,1.59,16.17
2020-06-13,16.53,21.0,13.74,85.9,5.89,1.44,14.89
2020-06-14,16.21,20.11,13.5,84.78,4.65,2.21,11.9
2020-06-15,15.9,21.25,11.64,84.52,2.39,1.41,10.16
2020-06-16,16.4,21.5,11.9,83.63,1.47,1.59,13.82
2020-06-17,16.15,20.68,12.83,81.93,0.75,1.89,14.62
2020-06-18,16.71,22.51,11.41,77.88,0.04,1.47,17.0
2020-06-19,17.14,23.55,11.19,80.25,0.18,1.46,17.1
2020-06-20,17.32,22.98,13.27,81.76,1.78,2.13,16.43
2020-06-21,16.11,19.2,13.97,86.3,8.3,1.85,16.21
2020-06-22,17.11,22.47,13.06,83.31,1.67,1.42,15.4
2020-06-23,17.53,23.13,13.27,81.02,0.28,1.84,15.55
2020-06-24,17.5,23.53,13.34,81.8,1.74,2.38,17.65
2020-06-25,17.49,23.51,13.0,79.33,0.5,2.16,18.6
2020-06-26,16.87,22.86,12.23,79.48,0.51,1.97,21.19
2020-06-27,17.1,24.17,12.36,76.84,0.47,2.0,18.83
2020-06-28,17.07,24.12,11.74,74.32,0.18,1.87,21.78
2020-06-29,17.12,24.74,11.04,69.39,0.26,2.3,22.08
2020-06-30,16.67,24.47,10.41,69.4,0.0,1.77,24.43
2020-07-01,17.28,24.15,11.99,78.03,0.16,2.24,14.61
2020-07-02,17.0,22.61,12.74,77.66,0.12,2.26,14.76
2020-07-03,16.61,21.89,12.79,77.37,0.24,2.01,14.62
2020-07-04,16.13,21.51,11.33,76.67,0.07,1.72,19.33
2020-07-05,16.56,23.01,11.48,77.57,0.32,1.69,15.07
2020-07-06,16.88,23.21,12.46,78.16,1.29,1.49,14.43
2020-07-07,16.84,23.45,11.93,75.47,0.35,2.25,14.06
2020-07-08,17.4,24.45,11.85,72.53,0.12,1.87,15.84
2020-07-09,17.23,24.03,12.08,77.02,1.31,2.95,19.95
2020-07-10,16.98,24.89,11.99,70.24,0.33,2.39,15.46
2020-07-11,17.6,25.42,11.31,69.32,0.12,2.06,22.66
2020-07-12,18.15,25.27,12.49,72.83,0.07,1.65,22.59
2020-07-13,17.08,23.65,13.0,79.19,1.76,1.68,14.99
2020-07-14,16.36,21.95,12.39,74.74,0.45,1.75,15.88
2020-07-15,17.43,24.3,12.22,76.36,0.39,2.19,14.09
2020-07-16,16.53,22.86,11.99,77.04,0.81,3.26,12.61
2020-07-17,15.94,23.56,9.59,65.44,0.04,2.93,15.6
2020-07-18,14.4,20.63,9.0,67.29,0.16,2.67,13.72
2020-07-19,16.09,22.42,10.43,72.55,0.09,1.89,16.61
2020-07-20,16.29,22.97,11.33,73.05,0.27,1.78,13.3
2020-07-21,15.93,21.85,11.35,76.34,0.83,1.68,15.65
2020-07-22,16.95,23.2,11.82,74.03,0.58,2.14,17.0
2020-07-23,17.42,24.65,11.72,73.65,0.35,2.23,19.96
2020-07-24,17.28,24.26,12.55,74.07,1.61,2.34,16.04
2020-07-25,17.4,24.86,11.82,67.3,0.07,2.66,21.25
2020-07-26,17.58,25.71,11.24,67.8,0.16,1.86,18.78
2020-07-27,17.04,23.03,12.82,75.82,0.98,1.57,15.52
2020-07-28,17.2,22.86,13.17,74.87,0.67,2.15,10.25
2020-07-29,17.94,25.31,12.21,68.96,0.08,2.1,15.38
2020-07-30,18.17,25.97,12.15,69.01,0.12,2.43,19.12
2020-07-31,18.47,25.92,12.56,71.2,0.65,2.33,19.27
2020-08-01,18.16,25.72,12.61,68.82,0.2,2.78,18.48
2020-08-02,16.83,25.35,11.27,65.02,0.06,2.68,22.04
2020-08-03,16.84,25.16,10.27,63.16,0.05,2.92,22.91
2020-08-04,17.67,26.51,11.56,63.1,0.06,2.34,19.58
2020-08-05,18.47,26.95,11.72,66.92,0.14,1.87,20.7
2020-08-06,19.32,26.78,13.4,68.43,0.18,1.57,24.04
2020-08-07,18.94,26.32,13.41,71.28,0.91,1.64,17.86
2020-08-08,17.33,23.18,13.09,70.8,0.64,2.3,20.64
2020-08-09,17.56,24.3,12.21,71.39,0.11,2.2,16.84
2020-08-10,18.12,25.71,12.09,71.18,0.28,1.72,21.4
2020-08-11,18.45,25.91,12.72,73.98,2.55,1.75,21.59
2020-08-12,17.61,23.82,13.67,78.26,2.15,1.92,18.28
2020-08-13,18.73,25.6,12.94,75.75,0.49,1.65,17.91
2020-08-14,17.41,22.65,13.84,81.09,0.76,1.35,17.81
2020-08-15,18.7,25.32,13.18,73.24,0.52,1.77,19.86
2020-08-16,18.1,25.63,12.8,69.56,0.21,2.24,17.29
2020-08-17,18.34,26.61,12.77,69.27,0.21,2.62,17.63
2020-08-18,18.78,28.05,12.05,59.72,0.07,2.24,17.74
2020-08-19,18.58,25.68,13.65,72.07,1.55,2.77,12.7
2020-08-20,18.24,25.39,13.05,70.96,1.25,2.9,18.05
2020-08-21,18.16,25.11,13.28,70.97,0.39,2.79,13.26
2020-08-22,17.47,23.97,12.53,70.94,1.03,2.77,13.31
2020-08-23,16.95,24.15,11.45,71.39,2.08,2.69,12.17
2020-08-24,17.39,24.1,12.56,73.2,1.97,2.73,11.38
2020-08-25,17.84,25.9,11.84,67.78,0.15,2.54,20.09
2020-08-26,18.66,26.56,12.6,67.6,0.28,2.73,19.93
2020-08-27,19.2,27.22,13.2,66.65,0.44,2.54,24.13
2020-08-28,19.5,27.13,13.14,63.96,0.25,1.75,23.14
2020-08-29,17.99,24.57,12.76,66.17,0.13,1.54,23.55
2020-08-30,18.81,27.53,11.55,59.84,0.06,1.95,26.19
2020-08-31,19.28,28.18,11.95,59.42,0.16,2.29,25.54
2020-09-01,18.93,27.64,12.74,57.19,0.16,2.33,25.58
2020-09-02,17.98,27.74,11.0,55.93,0.12,2.56,25.6
2020-09-03,18.76,27.09,11.79,62.51,0.33,1.97,18.87
2020-09-04,18.3,26.14,12.96,68.44,3.97,1.56,22.04
2020-09-05,17.97,22.67,14.64,78.01,8.2,1.74,18.23
2020-09-06,16.47,20.81,14.18,82.21,7.19,2.43,10.3
2020-09-07,16.61,21.85,13.22,76.62,1.22,2.51,5.64
2020-09-08,17.11,23.57,11.51,70.85,0.29,2.01,10.7
2020-09-09,17.73,25.33,11.39,68.67,0.23,1.89,14.34
2020-09-10,18.23,26.31,11.62,66.41,0.21,2.16,18.6
2020-09-11,17.53,23.61,12.97,70.3,0.13,2.24,15.32
2020-09-12,17.92,24.09,12.81,65.34,0.1,2.12,18.54
2020-09-13,18.69,27.17,11.82,59.77,0.09,2.23,25.91
2020-09-14,19.16,28.26,11.68,61.1,0.03,2.89,25.75
2020-09-15,19.97,28.36,13.19,62.18,0.17,2.64,25.52
2020-09-16,20.64,29.92,13.63,57.03,0.1,2.34,26.31
2020-09-17,20.26,29.96,12.87,54.07,0.1,2.43,26.72
2020-09-18,19.94,29.25,13.37,58.86,0.33,2.77,26.53
2020-09-19,20.58,28.82,14.46,64.45,0.53,3.07,18.67
2020-09-20,19.85,28.12,13.74,62.95,0.18,2.74,19.32
2020-09-21,19.97,28.47,12.81,61.01,0.16,2.72,24.34
2020-09-22,20.2,28.68,13.29,56.76,0.09,2.29,24.0
2020-09-23,19.61,29.15,12.85,63.7,3.55,3.16,24.87
2020-09-24,19.09,26.29,13.63,71.71,2.85,2.6,21.0
2020-09-25,18.1,23.95,14.14,76.53,5.74,2.83,15.86
2020-09-26,18.7,26.05,13.36,72.08,4.02,2.08,20.44
2020-09-27,19.72,28.32,13.89,66.56,1.31,2.9,24.37
2020-09-28,20.13,27.94,14.33,67.02,0.76,2.99,25.29
2020-09-29,20.74,28.93,15.19,66.54,0.42,3.14,26.15
2020-09-30,20.58,28.62,14.13,64.21,0.15,2.56,22.08
2020-10-01,20.62,28.78,14.29,60.34,0.11,2.99,23.26
2020-10-02,20.26,29.0,14.36,63.36,0.44,3.29,23.1
2020-10-03,20.05,28.77,13.09,58.42,0.07,3.14,25.69
2020-10-04,19.75,29.0,13.48,58.64,0.11,2.83,26.76
2020-10-05,21.27,30.3,13.16,50.61,0.03,2.45,27.64
2020-10-06,21.48,30.94,13.26,48.92,0.07,2.1,24.72
2020-10-07,20.76,29.77,12.43,47.63,0.0,2.69,27.79
2020-10-08,20.79,29.36,12.41,53.82,0.02,2.59,26.93
2020-10-09,21.36,29.8,14.0,54.53,0.28,2.56,24.54
2020-10-10,21.69,29.44,15.9,62.3,3.43,2.34,24.49
2020-10-11,20.79,27.34,15.25,57.76,1.04,1.83,20.2
2020-10-12,20.87,28.42,13.73,52.51,0.22,2.08,24.76
2020-10-13,20.77,28.66,13.89,56.7,0.23,2.63,23.96
2020-10-14,21.31,29.88,15.26,60.58,0.31,3.5,19.57
2020-10-15,21.17,29.71,14.15,54.4,0.03,3.25,25.22
2020-10-16,20.93,28.59,15.19,62.36,1.01,2.59,22.4
2020-10-17,20.18,27.64,14.17,59.34,0.39,2.8,19.21
2020-10-18,19.78,26.97,14.33,65.66,1.5,2.97,16.74
2020-10-19,19.53,26.71,14.4,67.93,2.87,2.33,17.21
2020-10-20,19.66,26.51,14.26,69.81,1.7,3.09,15.66
2020-10-21,19.69,26.83,13.98,61.71,0.7,3.09,16.07
2020-10-22,20.16,29.26,13.39,60.08,0.35,2.86,22.83
2020-10-23,21.13,29.42,14.42,58.81,0.43,2.8,24.24
2020-10-24,20.86,28.97,14.11,61.41,0.22,2.69,23.91
2020-10-25,19.14,24.76,15.09,71.76,4.35,2.92,16.25
2020-10-26,19.13,25.14,14.83,69.67,1.21,3.01,9.44
2020-10-27,19.19,25.92,14.49,70.31,14.92,2.97,12.74
2020-10-28,18.94,25.54,15.02,79.26,29.15,3.75,17.84
2020-10-29,17.62,23.28,13.57,73.61,18.01,4.2,14.64
2020-10-30,17.99,24.46,13.62,80.37,5.07,3.87,17.96
2020-10-31,17.93,23.9,13.29,78.33,3.7,3.37,22.09
2020-11-01,18.9,26.04,14.01,71.22,1.04,3.33,24.27
2020-11-02,18.76,25.2,14.31,74.0,1.89,3.63,22.27
2020-11-03,18.33,24.53,14.39,80.72,10.79,3.66,12.23
2020-11-04,18.57,24.82,14.47,81.25,6.97,3.49,18.05
2020-11-05,18.71,24.57,14.67,80.31,10.87,3.45,17.4
2020-11-06,18.63,23.26,15.62,82.96,8.26,2.77,17.09
2020-11-07,18.96,25.87,14.1,74.7,0.8,2.77,21.98
2020-11-08,18.86,25.51,13.55,77.1,1.79,2.74,17.25
2020-11-09,18.99,24.97,15.29,80.97,5.36,3.68,19.99
2020-11-10,18.84,24.48,14.96,80.51,5.16,3.99,21.41
2020-11-11,18.34,23.83,14.77,81.19,7.46,3.7,17.76
2020-11-12,18.42,24.21,14.76,77.4,1.16,3.71,22.41
2020-11-13,18.56,24.72,14.29,80.92,1.66,3.81,21.99
2020-11-14,18.84,24.93,14.87,80.43,1.45,3.75,20.81
2020-11-15,19.18,25.17,14.73,77.71,0.73,3.23,23.12
2020-11-16,19.2,25.17,15.46,79.68,2.76,3.74,16.99
2020-11-17,18.83,24.95,14.99,79.52,7.16,3.85,21.56
2020-11-18,18.45,24.74,13.82,74.75,5.16,3.73,24.72
2020-11-19,19.12,25.46,14.36,78.57,10.37,2.87,20.84
2020-11-20,18.75,24.13,15.37,80.35,11.27,2.98,13.86
2020-11-21,18.69,24.6,14.16,79.32,3.07,3.16,24.48
2020-11-22,18.99,24.59,15.39,80.35,2.63,3.1,23.76
2020-11-23,19.13,25.14,14.88,80.04,1.32,2.87,22.2
2020-11-24,19.39,25.72,15.1,78.31,0.45,2.38,22.61
2020-11-25,19.51,26.71,14.03,72.87,0.21,1.92,24.16
2020-11-26,19.85,26.55,14.54,72.31,0.58,2.3,23.67
2020-11-27,19.15,24.92,15.47,80.68,3.93,3.39,22.02
2020-11-28,18.7,24.0,16.03,85.35,12.12,4.19,17.91
2020-11-29,18.33,23.19,14.82,86.25,33.54,2.97,13.9
2020-11-30,18.4,23.88,14.6,82.95,0.58,2.54,24.28
2020-12-01,18.47,24.94,13.43,76.82,0.67,2.75,22.35
2020-12-02,18.06,23.26,14.14,82.29,3.32,3.08,23.36
2020-12-03,17.92,22.86,14.77,81.98,3.47,3.73,22.05
2020-12-04,17.84,23.58,14.04,81.96,2.3,3.08,21.43
2020-12-05,18.3,23.94,14.16,82.04,2.6,2.6,25.35
2020-12-06,18.22,24.78,13.46,78.71,0.15,2.3,22.61
2020-12-07,18.46,25.22,12.68,77.84,0.74,2.45,24.05
2020-12-08,18.31,23.46,14.92,83.46,4.62,2.82,19.36
2020-12-09,18.02,23.85,14.01,79.54,4.14,3.39,19.67
2020-12-10,17.48,22.72,14.13,82.63,5.64,3.18,21.33
2020-12-11,18.13,24.59,13.11,73.92,0.53,3.09,25.11
2020-12-12,18.24,24.33,13.2,74.58,0.05,2.8,24.27
2020-12-13,17.87,23.94,13.16,75.22,0.04,2.94,25.23
2020-12-14,17.26,24.45,11.34,71.7,0.0,2.38,25.2
2020-12-15,17.38,25.52,10.71,67.11,0.0,2.06,25.08
2020-12-16,18.08,25.76,11.01,67.9,0.0,2.45,25.96
2020-12-17,18.41,24.75,13.65,75.51,0.69,3.24,23.58
2020-12-18,18.57,24.79,13.47,73.8,0.57,3.02,22.72
2020-12-19,19.01,25.19,12.94,69.08,0.29,2.79,17.73
2020-12-20,18.73,24.92,14.19,76.11,1.42,3.04,24.04
2020-12-21,18.92,25.76,13.52,74.8,0.39,3.12,23.9
2020-12-22,18.76,25.46,13.92,75.25,1.51,3.04,25.26
2020-12-23,18.02,24.65,11.93,77.86,1.25,2.98,25.01
2020-12-24,19.0,24.93,14.39,75.68,1.99,2.88,18.85
2020-12-25,18.53,25.71,12.42,73.83,0.05,2.43,23.98
2020-12-26,19.09,25.79,13.79,65.94,0.04,3.23,22.0
2020-12-27,18.34,26.36,12.12,60.72,0.0,3.29,25.94
2020-12-28,17.81,25.58,11.08,58.35,0.02,3.24,26.97
2020-12-29,18.66,26.55,11.68,65.6,0.07,3.06,26.16
2020-12-30,19.09,26.92,12.6,72.5,3.48,3.19,24.18
2020-12-31,17.9,23.14,14.68,84.94,12.28,3.33,16.42
2021-01-01,18.03,24.25,13.68,80.77,2.28,3.54,18.52
2021-01-02,18.75,24.93,14.36,76.53,0.81,3.63,23.82
2021-01-03,18.61,25.08,14.14,79.95,1.78,3.29,23.84
2021-01-04,17.99,24.81,13.49,76.4,0.53,2.77,19.82
2021-01-05,18.43,25.64,11.94,69.37,0.03,3.0,24.23
2021-01-06,18.83,25.64,13.24,68.56,0.01,3.1,21.57
2021-01-07,18.59,26.36,11.5,62.2,0.0,2.83,26.14
2021-01-08,19.08,27.52,11.85,62.97,0.04,1.74,22.55
2021-01-09,19.56,26.68,15.07,70.02,0.44,1.29,12.52
2021-01-10,17.68,23.52,13.98,72.94,3.12,2.25,8.92
2021-01-11,17.98,24.6,12.22,70.03,0.92,2.06,16.53
2021-01-12,18.14,22.89,14.7,73.54,0.61,2.4,12.8
2021-01-13,18.98,26.12,12.78,67.02,0.11,3.05,19.97
2021-01-14,18.89,26.41,12.88,64.07,0.02,3.01,24.38
2021-01-15,19.02,27.13,12.27,66.87,0.05,2.7,26.05
2021-01-16,18.86,25.7,12.89,71.06,0.47,2.68,24.17
2021-01-17,18.85,25.65,14.41,73.52,1.25,2.31,21.05
2021-01-18,20.1,27.57,13.98,65.16,0.84,2.39,17.65
2021-01-19,19.75,26.6,13.89,63.9,0.26,3.12,18.75
2021-01-20,19.49,27.81,12.22,58.75,0.01,3.34,26.12
2021-01-21,18.85,26.04,12.68,72.15,0.68,3.44,24.36
2021-01-22,18.29,23.8,14.58,82.83,3.59,3.75,19.84
2021-01-23,18.99,25.5,14.74,74.43,1.3,4.17,23.24
2021-01-24,19.0,26.63,11.77,68.1,0.19,3.66,26.62
2021-01-25,18.92,25.8,14.27,72.33,1.75,3.82,23.88
2021-01-26,18.43,26.53,13.16,68.19,0.21,3.49,27.26
2021-01-27,18.54,27.09,11.23,59.85,0.0,3.18,27.44
2021-01-28,18.97,27.59,11.48,60.34,0.0,2.87,27.28
2021-01-29,19.6,27.83,12.04,62.56,0.03,3.1,25.78
2021-01-30,19.35,27.39,12.58,60.79,0.01,3.16,23.36
2021-01-31,18.1,26.37,11.21,55.47,0.0,3.47,28.24
2021-02-01,18.12,26.33,11.19,56.56,0.0,3.78,28.34
2021-02-02,19.42,27.37,11.15,62.28,0.04,3.31,27.41
2021-02-03,19.54,26.84,13.95,61.34,0.0,3.06,24.87
2021-02-04,20.09,29.09,12.11,56.49,0.0,2.86,26.94
2021-02-05,20.8,30.12,12.72,55.93,0.24,2.19,25.97
2021-02-06,20.5,28.62,13.49,62.17,1.02,1.66,20.16
2021-02-07,19.13,24.97,15.39,78.58,7.67,1.58,16.0
2021-02-08,18.31,23.83,14.98,81.88,12.99,2.62,8.97
2021-02-09,18.56,25.16,14.17,80.37,5.2,2.99,16.94
2021-02-10,18.77,24.82,14.66,74.32,0.89,2.68,18.22
2021-02-11,19.35,24.83,14.71,69.72,0.55,2.39,8.83
2021-02-12,19.57,26.2,14.42,71.02,1.62,2.09,18.35
2021-02-13,19.22,25.49,14.14,76.37,5.3,1.9,15.14
2021-02-14,19.6,25.45,15.11,75.67,4.0,1.25,13.56
2021-02-15,19.88,27.72,13.74,70.44,0.07,3.09,25.96
2021-02-16,19.92,28.34,12.82,65.29,0.05,3.01,25.98
2021-02-17,20.1,28.69,13.0,66.18,0.02,3.4,26.66
2021-02-18,19.49,27.55,12.19,65.14,0.0,3.25,26.65
2021-02-19,20.73,29.75,12.16,55.46,0.14,2.87,27.08
2021-02-20,19.85,26.98,12.55,64.0,0.05,2.49,23.79
2021-02-21,20.23,26.6,14.86,68.89,0.18,2.11,20.03
2021-02-22,18.64,22.12,15.93,81.03,0.98,2.55,14.16
2021-02-23,19.19,27.39,12.66,62.42,0.03,2.63,21.94
2021-02-24,19.87,27.47,12.59,60.88,0.04,3.04,22.72
2021-02-25,20.46,28.8,13.43,58.3,0.0,2.96,24.69
2021-02-26,19.66,28.0,12.73,56.08,0.0,3.02,28.99
2021-02-27,20.1,29.54,11.8,47.86,0.0,2.68,29.02
2021-02-28,20.74,30.2,12.24,46.65,0.0,2.98,28.74
2021-03-01,20.34,27.81,13.13,56.23,0.0,3.38,28.24
2021-03-02,19.88,27.61,13.33,59.67,0.0,3.68,27.62
2021-03-03,20.76,29.62,13.31,52.03,0.0,3.57,28.13
2021-03-04,20.23,27.59,13.92,63.93,0.15,3.45,22.42
2021-03-05,20.41,25.99,15.45,64.06,0.19,3.38,25.05
2021-03-06,21.67,28.52,16.25,55.9,0.02,4.08,26.15
2021-03-07,21.49,28.54,15.97,57.29,0.01,3.77,26.68
2021-03-08,21.18,29.44,13.61,53.77,0.06,3.59,26.12
2021-03-09,20.0,28.27,12.65,55.18,0.06,3.69,26.71
2021-03-10,19.66,28.34,12.33,55.4,0.09,3.66,28.6
2021-03-11,20.63,29.59,12.32,51.51,0.0,3.52,29.23
2021-03-12,20.01,28.73,12.85,55.23,0.38,3.69,28.88
2021-03-13,20.57,28.99,12.47,55.23,0.54,3.49,28.48
2021-03-14,21.07,29.79,12.35,52.4,0.21,3.34,28.12
2021-03-15,20.9,29.5,12.53,55.42,0.21,3.54,27.37
2021-03-16,19.89,26.53,14.98,67.25,3.28,4.35,23.61
2021-03-17,19.73,26.87,14.43,67.98,4.13,3.76,24.26
2021-03-18,20.16,27.86,14.84,69.2,3.23,3.45,23.35
2021-03-19,19.95,26.64,15.69,73.83,4.56,3.63,25.39
2021-03-20,19.38,26.19,15.22,75.6,10.37,4.02,24.33
2021-03-21,18.98,25.49,14.67,74.68,12.99,3.73,20.17
2021-03-22,19.59,26.95,14.16,72.34,0.22,3.55,24.93
2021-03-23,19.91,27.14,15.18,72.98,0.5,4.04,21.97
2021-03-24,20.27,27.58,15.49,68.98,0.41,3.67,25.78
2021-03-25,20.59,28.89,14.46,61.13,0.01,3.02,28.02
2021-03-26,20.67,28.87,14.77,58.85,0.01,3.12,23.98
2021-03-27,20.17,28.11,13.48,55.9,0.08,2.25,19.53
2021-03-28,20.11,27.07,15.45,66.57,0.99,2.64,22.0
2021-03-29,20.29,26.67,15.43,66.75,0.36,3.03,23.02
2021-03-30,20.01,26.88,15.26,73.0,2.93,3.44,20.05
2021-03-31,20.33,27.18,15.73,71.18,1.65,3.6,22.78
2021-04-01,20.09,27.23,15.17,71.7,2.65,3.37,22.41
2021-04-02,19.12,25.59,14.66,70.69,10.58,2.36,22.45
2021-04-03,20.4,28.26,14.15,68.86,1.04,1.93,22.99
2021-04-04,20.19,26.03,15.76,73.87,3.67,2.74,21.21
2021-04-05,20.07,26.56,15.66,74.58,1.4,3.15,19.7
2021-04-06,20.29,26.41,15.56,76.53,5.03,3.05,20.43
2021-04-07,19.69,26.4,15.64,75.98,9.01,3.87,24.74
2021-04-08,19.5,25.02,15.36,79.06,8.96,3.23,19.83
2021-04-09,20.19,26.79,15.76,73.1,1.55,2.38,21.08
2021-04-10,19.38,24.76,16.05,77.37,3.25,2.93,20.39
2021-04-11,20.19,28.02,14.59,69.34,2.37,3.31,21.16
2021-04-12,19.95,27.26,14.9,70.43,1.26,3.12,22.05
2021-04-13,19.74,26.55,14.78,73.33,0.79,2.75,21.24
2021-04-14,20.17,27.01,15.61,72.16,0.7,2.52,21.2
2021-04-15,20.24,27.81,14.54,68.0,0.61,2.41,22.45
2021-04-16,20.43,27.76,15.48,72.05,0.96,2.77,22.63
2021-04-17,20.64,27.84,15.98,71.17,0.86,3.53,23.68
2021-04-18,19.84,27.32,15.1,72.9,1.49,3.6,18.27
2021-04-19,19.17,25.69,14.76,70.66,0.8,3.16,19.85
2021-04-20,18.89,26.14,13.73,70.98,1.12,2.72,20.49
2021-04-21,19.32,26.94,13.63,68.53,2.17,2.7,19.78
2021-04-22,19.71,27.6,13.94,73.86,2.68,2.43,19.61
2021-04-23,20.16,27.31,14.85,71.63,1.91,2.94,19.82
2021-04-24,20.12,26.92,15.32,74.45,3.42,2.88,20.8
2021-04-25,19.7,26.8,15.4,76.7,7.29,2.79,18.17
2021-04-26,20.23,27.31,14.52,71.08,0.21,2.43,21.8
2021-04-27,20.31,27.45,15.3,73.76,0.72,2.95,22.16
2021-04-28,19.97,27.34,14.75,71.41,1.27,3.26,20.98
2021-04-29,19.93,27.18,14.23,72.96,2.38,2.91,22.23
2021-04-30,20.25,27.32,14.67,72.59,1.33,2.85,22.5
2021-05-01,21.07,28.69,15.38,68.21,0.86,2.65,22.3
2021-05-02,20.0,27.12,15.54,74.93,0.82,2.18,21.36
2021-05-03,19.02,25.06,14.89,78.65,6.31,2.39,18.25
2021-05-04,19.42,25.95,14.64,76.0,6.17,2.84,18.7
2021-05-05,18.68,25.85,14.27,74.9,9.63,2.16,18.62
2021-05-06,19.15,25.97,14.23,70.24,1.19,1.73,17.12
2021-05-07,18.92,25.29,14.88,77.18,2.32,2.0,17.57
2021-05-08,18.9,25.61,15.0,75.69,4.55,1.64,18.61
2021-05-09,18.85,23.89,15.28,78.48,4.18,1.13,16.21
2021-05-10,17.53,21.23,14.77,82.0,7.65,1.01,13.73
2021-05-11,16.57,19.85,13.69,88.04,17.56,1.48,13.74
2021-05-12,17.11,21.93,13.68,84.21,12.76,1.41,12.63
2021-05-13,17.1,22.19,13.53,84.01,14.01,1.64,16.69
2021-05-14,17.9,23.5,13.78,79.63,4.01,1.8,18.22
2021-05-15,18.24,24.95,12.45,75.91,0.16,1.41,22.19
2021-05-16,19.15,25.75,13.68,76.12,0.16,1.38,20.55
2021-05-17,19.31,25.91,13.78,78.42,0.17,2.28,22.81
2021-05-18,19.09,25.31,14.61,76.43,0.08,2.56,19.0
2021-05-19,18.65,25.68,13.59,72.08,0.18,2.05,17.45
2021-05-20,19.42,26.37,13.83,76.12,0.35,1.79,19.87
2021-05-21,18.69,25.34,13.51,75.27,0.28,2.08,19.17
2021-05-22,18.58,25.93,12.57,71.85,0.16,1.86,19.79
2021-05-23,18.77,25.78,13.19,75.49,0.46,1.81,18.6
2021-05-24,18.3,25.03,13.61,77.3,0.81,2.31,14.16
2021-05-25,18.2,24.82,13.16,75.0,0.24,2.02,17.92
2021-05-26,17.05,23.65,12.37,77.58,1.57,2.29,19.12
2021-05-27,17.89,25.12,12.44,74.11,0.52,2.61,19.77
2021-05-28,18.38,25.56,13.42,76.88,1.69,2.27,20.23
2021-05-29,18.17,24.98,13.6,79.08,2.71,2.56,17.95
2021-05-30,17.47,23.56,14.0,77.67,0.89,2.51,14.76
2021-05-31,17.51,24.3,13.51,75.26,0.23,2.72,20.86
2021-06-01,17.69,25.07,12.9,70.27,0.06,2.73,18.17
2021-06-02,17.75,25.21,12.39,71.48,0.04,2.08,21.96
2021-06-03,18.89,26.17,12.69,71.5,0.03,1.72,20.52
2021-06-04,18.23,24.51,14.15,76.38,0.06,2.34,17.52
2021-06-05,18.31,25.16,13.26,73.62,0.08,2.62,15.13
2021-06-06,17.37,24.12,12.41,74.92,0.19,2.7,17.14
2021-06-07,17.65,25.31,11.8,72.11,0.09,2.33,20.76
2021-06-08,17.74,25.47,11.48,72.21,0.05,2.52,17.61
2021-06-09,17.7,24.8,12.52,76.35,0.5,2.53,10.31
2021-06-10,18.28,25.81,12.83,72.72,0.09,2.22,17.75
2021-06-11,18.47,26.05,12.53,72.31,0.06,1.78,20.47
2021-06-12,18.27,25.91,12.69,72.1,0.06,2.06,13.51
2021-06-13,18.41,26.82,12.17,69.44,0.03,1.84,17.18
2021-06-14,18.74,26.02,12.53,70.86,0.08,1.77,21.03
2021-06-15,18.14,25.46,13.35,74.37,0.15,1.96,18.92
2021-06-16,17.24,22.61,13.83,77.75,0.3,1.67,11.55
2021-06-17,17.78,24.73,13.16,75.94,0.16,2.36,14.58
2021-06-18,18.01,24.8,12.5,68.21,0.03,2.1,15.73
2021-06-19,17.99,24.9,13.44,71.83,0.03,2.77,14.94
2021-06-20,17.35,24.6,12.5,73.56,0.14,2.42,12.52
2021-06-21,17.24,25.12,11.58,67.44,0.11,2.82,16.48
2021-06-22,16.9,23.54,12.04,77.57,0.77,2.94,16.65
2021-06-23,16.76,24.48,11.49,70.52,0.2,2.54,11.78
2021-06-24,17.59,25.72,11.5,68.2,0.08,2.28,19.11
2021-06-25,17.16,25.08,10.95,71.82,0.38,1.28,17.87
2021-06-26,17.09,22.74,12.61,78.88,1.71,1.59,18.64
2021-06-27,16.47,22.48,12.38,78.78,0.76,2.23,10.76
2021-06-28,16.46,23.74,10.75,69.78,0.44,2.62,17.9
2021-06-29,17.39,24.8,11.67,70.52,0.13,2.93,16.14
2021-06-30,17.88,26.0,11.3,65.67,0.07,2.24,16.62
2021-07-01,18.16,25.16,12.36,70.59,0.32,1.66,20.8
2021-07-02,18.14,25.22,13.4,70.0,0.3,1.91,19.61
2021-07-03,17.28,24.63,11.72,71.01,0.3,1.65,18.81
2021-07-04,17.46,25.09,11.39,69.45,0.14,1.48,17.94
2021-07-05,17.49,24.94,11.55,70.32,0.42,1.61,17.84
2021-07-06,17.15,23.84,12.48,73.54,0.93,2.14,13.58
2021-07-07,17.32,24.0,12.68,70.88,0.5,2.37,15.22
2021-07-08,16.59,22.52,12.96,76.17,1.53,2.61,10.05
2021-07-09,15.81,20.76,12.46,78.57,2.81,2.05,8.93
2021-07-10,16.02,22.4,12.29,76.56,2.84,2.45,8.78
2021-07-11,16.05,22.07,11.67,74.56,0.44,2.03,12.42
2021-07-12,15.69,20.56,12.34,77.83,0.85,2.03,6.54
2021-07-13,17.18,23.73,11.34,70.84,0.12,1.64,17.92
2021-07-14,18.15,25.61,12.73,71.17,0.38,2.41,16.66
2021-07-15,17.36,23.99,13.14,74.35,0.85,3.04,9.6
2021-07-16,17.89,25.68,11.93,66.26,0.24,2.51,17.81
2021-07-17,16.69,22.64,12.25,69.39,0.54,2.55,13.39
2021-07-18,17.27,24.6,11.47,68.97,0.83,2.3,13.42
2021-07-19,16.67,23.04,11.95,73.02,1.22,1.84,19.18
2021-07-20,17.07,23.39,11.96,71.51,0.39,2.32,16.66
2021-07-21,17.44,24.9,12.85,69.31,0.67,2.63,13.2
2021-07-22,18.38,26.21,12.26,68.25,0.31,2.38,22.14
2021-07-23,17.21,22.83,13.16,76.5,2.56,1.9,17.55
2021-07-24,17.2,24.17,11.84,64.88,0.08,3.69,19.05
2021-07-25,16.96,24.64,11.15,63.64,0.3,2.5,16.71
2021-07-26,17.11,25.59,10.18,57.74,0.03,2.18,20.48
2021-07-27,16.89,23.88,10.57,65.57,0.37,2.0,19.83
2021-07-28,16.85,22.67,12.12,67.88,0.27,2.16,14.35
2021-07-29,16.0,22.56,11.87,76.11,1.17,2.08,14.17
2021-07-30,17.43,24.48,11.99,70.29,0.65,2.97,13.85
2021-07-31,17.71,26.66,11.03,59.43,0.1,3.39,23.18
2021-08-01,16.41,22.51,11.1,65.52,0.12,3.05,17.26
2021-08-02,16.78,22.4,12.02,66.57,0.29,2.29,13.85
2021-08-03,18.19,26.21,11.83,61.85,0.18,1.99,18.04
2021-08-04,17.82,25.32,12.09,67.06,0.25,2.79,16.34
2021-08-05,17.92,25.57,11.89,63.78,0.2,2.66,18.2
2021-08-06,17.19,23.2,11.77,66.39,0.16,1.95,19.04
2021-08-07,17.7,24.48,11.99,69.53,0.52,2.38,18.02
2021-08-08,18.22,25.71,12.72,71.85,1.05,2.16,17.65
2021-08-09,17.54,22.55,13.6,74.78,1.54,1.59,13.72
2021-08-10,18.19,24.41,13.86,73.53,4.71,1.6,19.52
2021-08-11,17.1,22.64,13.71,77.36,1.91,2.31,10.86
2021-08-12,17.81,25.58,12.33,71.9,0.45,2.14,13.21
2021-08-13,16.99,22.9,12.36,71.79,0.35,1.95,21.15
2021-08-14,16.04,21.24,12.91,78.98,3.06,2.59,11.67
2021-08-15,16.19,22.33,11.56,69.03,0.12,2.63,12.99
2021-08-16,17.02,23.77,11.87,71.6,0.32,2.84,13.22
2021-08-17,18.01,25.44,12.03,69.08,0.15,2.87,17.91
2021-08-18,18.77,26.74,12.82,67.02,0.39,2.61,17.67
2021-08-19,17.57,22.51,12.89,71.29,0.73,1.67,17.69
2021-08-20,16.96,22.58,12.93,63.9,0.77,2.18,14.22
2021-08-21,18.99,26.95,12.74,65.34,0.41,2.87,20.19
2021-08-22,19.51,28.19,12.16,60.32,0.17,2.94,24.87
2021-08-23,19.25,28.76,13.19,58.13,0.29,2.94,26.31
2021-08-24,18.62,28.51,11.89,52.44,0.08,2.51,27.38
2021-08-25,18.9,28.92,11.62,55.84,0.06,2.48,22.55
2021-08-26,18.37,28.92,10.01,49.84,0.03,2.16,24.08
2021-08-27,19.67,29.64,10.15,42.18,0.0,1.82,26.99
2021-08-28,20.1,28.09,11.45,46.17,0.02,1.72,25.91
2021-08-29,21.11,29.86,12.46,46.91,0.02,2.55,25.84
2021-08-30,20.41,28.61,12.73,57.72,0.21,2.11,21.87
2021-08-31,18.36,23.58,14.31,64.3,0.95,2.17,18.01
2021-09-01,19.75,27.32,13.62,59.72,0.08,3.14,16.82
2021-09-02,19.13,26.46,13.62,63.87,0.23,3.28,16.69
2021-09-03,18.44,25.27,12.87,65.07,0.1,3.12,12.54
2021-09-04,18.31,24.56,12.16,63.11,0.2,2.58,13.43
2021-09-05,18.33,26.07,11.83,62.69,0.2,2.41,19.46
2021-09-06,18.47,26.25,12.77,66.48,0.15,3.01,16.57
2021-09-07,19.03,26.78,12.77,65.46,0.29,2.92,18.09
2021-09-08,19.35,27.7,12.94,64.75,0.37,3.01,20.93
2021-09-09,18.87,26.36,12.98,66.61,0.55,3.73,13.62
2021-09-10,18.22,25.44,13.1,66.94,0.3,3.43,16.74
2021-09-11,17.93,24.65,12.03,61.38,0.12,3.28,15.67
2021-09-12,18.94,27.75,11.68,59.94,0.18,3.28,19.94
2021-09-13,20.19,29.54,12.79,58.64,0.29,3.06,21.76
2021-09-14,20.5,29.86,12.94,57.82,0.24,2.33,24.44
2021-09-15,19.85,26.68,14.07,61.02,0.35,2.22,22.81
2021-09-16,21.04,28.74,14.18,59.44,0.23,2.46,21.82
2021-09-17,21.93,30.23,14.37,56.82,0.16,2.18,22.51
2021-09-18,20.34,27.87,14.43,58.81,0.38,2.84,21.97
2021-09-19,20.71,28.51,14.11,48.99,0.06,2.42,25.62
2021-09-20,19.85,27.58,12.8,56.48,0.13,2.44,23.47
2021-09-21,20.24,28.76,13.87,62.52,0.28,3.53,23.49
2021-09-22,20.01,28.83,13.15,57.62,0.13,3.55,20.65
2021-09-23,19.48,27.46,13.38,62.8,0.28,3.69,20.63
2021-09-24,18.79,27.0,13.22,65.06,0.23,3.37,19.69
2021-09-25,18.75,25.71,12.58,58.04,0.05,3.51,21.17
2021-09-26,19.68,27.24,13.33,61.64,0.2,2.83,19.76
2021-09-27,19.75,26.97,13.01,55.33,0.03,2.51,24.78
2021-09-28,20.6,30.26,12.14,56.39,0.01,2.81,25.88
2021-09-29,21.14,30.56,13.43,58.43,0.18,3.15,27.32
2021-09-30,21.43,30.77,14.49,61.97,0.52,3.49,22.45
2021-10-01,20.6,28.58,14.67,62.81,0.88,3.14,21.75
2021-10-02,20.42,28.73,14.58,56.71,0.28,3.15,23.08
2021-10-03,21.36,30.44,13.68,52.13,0.16,2.74,24.36
2021-10-04,21.64,30.26,14.04,53.17,0.25,2.44,22.39
2021-10-05,21.49,29.52,14.0,49.9,0.2,2.54,24.84
2021-10-06,20.69,29.06,12.15,54.44,0.36,2.32,25.14
2021-10-07,20.84,27.49,13.6,54.5,0.14,1.74,23.78
2021-10-08,21.14,28.68,14.67,57.94,0.14,2.06,20.14
2021-10-09,20.76,28.34,15.04,63.72,0.24,2.82,17.86
2021-10-10,20.83,28.22,15.11,63.56,0.17,3.05,22.63
2021-10-11,20.44,27.46,14.87,62.23,0.07,3.56,18.69
2021-10-12,20.56,28.6,13.73,56.56,0.05,2.87,21.84
2021-10-13,19.58,26.37,14.26,68.45,0.54,2.93,18.25
2021-10-14,21.0,28.48,14.17,55.09,0.06,3.56,22.49
2021-10-15,20.87,28.45,14.32,58.6,0.08,3.54,19.62
2021-10-16,21.13,28.03,15.42,59.28,0.16,3.04,24.19
2021-10-17,21.52,30.39,12.63,51.68,0.01,2.56,23.54
2021-10-18,20.31,28.01,14.08,63.51,1.37,2.83,24.32
2021-10-19,20.43,27.96,14.54,65.93,2.63,3.59,20.05
2021-10-20,18.93,25.7,14.44,76.54,9.06,4.27,12.69
2021-10-21,18.76,26.23,13.65,69.28,0.85,3.43,17.52
2021-10-22,19.19,26.99,12.76,62.92,0.15,2.49,22.51
2021-10-23,19.3,27.44,12.01,61.93,0.33,2.87,24.6
2021-10-24,19.92,28.2,12.31,58.81,0.07,3.4,26.3
2021-10-25,19.94,29.17,13.1,63.46,0.96,3.09,24.41
2021-10-26,20.11,27.98,14.34,66.85,4.86,3.68,25.75
2021-10-27,19.33,27.09,13.25,65.73,2.07,3.49,21.51
2021-10-28,19.77,28.46,13.73,56.52,0.28,2.65,27.01
2021-10-29,20.2,27.6,13.48,63.97,0.14,2.38,25.05
2021-10-30,19.89,26.26,15.2,69.68,0.41,3.52,18.66
2021-10-31,20.18,26.61,15.04,67.83,0.46,3.9,19.71
2021-11-01,20.25,26.7,15.04,66.68,0.52,4.05,24.23
2021-11-02,20.32,27.19,14.85,65.03,0.37,3.73,22.4
2021-11-03,20.37,27.81,15.27,68.41,0.66,3.74,22.93
2021-11-04,20.73,28.24,15.33,63.4,0.43,3.97,23.39
2021-11-05,20.51,27.45,15.28,64.48,0.56,3.34,23.14
2021-11-06,20.91,28.9,14.51,57.22,0.11,3.15,23.22
2021-11-07,21.14,29.65,14.13,54.23,0.18,2.68,24.29
2021-11-08,20.92,29.7,13.52,53.79,0.01,2.63,25.93
2021-11-09,21.1,30.04,13.38,56.83,0.68,3.31,26.35
2021-11-10,19.72,26.49,15.7,72.56,3.16,3.79,20.08
2021-11-11,20.68,28.74,14.81,60.26,0.44,3.33,25.24
2021-11-12,20.66,29.51,12.28,57.76,0.19,3.07,25.84
2021-11-13,20.35,28.13,14.43,63.15,0.58,3.68,23.39
2021-11-14,20.22,27.77,14.86,64.76,1.27,3.91,19.37
2021-11-15,19.75,26.35,15.43,71.35,3.48,3.73,20.38
2021-11-16,19.72,26.93,14.84,69.48,1.46,3.36,18.07
2021-11-17,20.04,27.53,14.32,65.78,0.28,3.43,25.04
2021-11-18,20.53,28.53,14.36,63.84,0.85,3.18,24.82
2021-11-19,21.05,28.91,15.01,63.23,1.17,3.19,23.23
2021-11-20,20.17,26.24,15.6,74.18,3.83,2.74,22.72
2021-11-21,19.93,26.03,16.1,75.6,4.32,3.55,23.2
2021-11-22,19.37,26.2,15.51,77.49,1.93,3.05,22.09
2021-11-23,20.47,27.46,15.6,68.9,1.11,3.27,24.17
2021-11-24,20.67,27.29,14.71,65.19,0.28,2.06,23.67
2021-11-25,19.68,24.58,16.17,71.41,0.7,2.73,21.52
2021-11-26,19.76,25.81,16.16,73.99,1.72,3.33,18.49
2021-11-27,19.72,26.48,15.0,74.44,3.18,3.23,17.19
2021-11-28,18.36,22.53,15.68,81.49,5.65,3.48,19.6
2021-11-29,18.86,24.67,14.88,81.26,15.15,3.53,18.66
2021-11-30,18.23,24.49,15.28,84.63,10.53,3.87,16.06
2021-12-01,18.29,24.96,13.0,78.35,1.8,3.61,19.38
2021-12-02,18.3,25.02,14.15,81.56,7.22,3.67,14.82
2021-12-03,18.69,25.49,14.43,79.18,6.84,3.79,15.53
2021-12-04,18.65,24.44,14.92,81.03,10.47,3.93,18.34
2021-12-05,18.62,24.41,15.21,80.66,5.36,4.03,19.49
2021-12-06,18.59,24.53,14.71,79.43,2.77,3.73,21.0
2021-12-07,19.15,25.76,14.58,76.62,0.86,3.69,24.56
2021-12-08,19.12,25.57,14.69,78.59,1.92,3.41,21.54
2021-12-09,18.68,24.98,15.02,80.33,2.69,3.48,20.52
2021-12-10,18.12,23.25,14.8,79.39,1.69,3.72,17.58
2021-12-11,18.02,24.92,12.85,74.25,0.69,3.93,24.18
2021-12-12,17.2,23.33,12.48,77.5,1.7,4.39,23.57
2021-12-13,17.94,24.18,13.92,80.72,4.77,4.14,19.06
2021-12-14,18.02,22.97,15.05,84.33,14.92,3.7,18.89
2021-12-15,17.21,21.45,15.1,87.65,13.57,3.61,18.75
2021-12-16,18.5,24.02,15.01,83.76,8.15,4.2,18.26
2021-12-17,17.88,23.7,14.19,79.43,2.38,3.97,20.8
2021-12-18,18.03,23.73,13.66,83.42,6.77,2.96,21.5
2021-12-19,18.06,23.33,15.4,83.39,4.27,3.39,20.14
2021-12-20,18.24,23.36,15.1,84.96,7.92,3.86,22.34
2021-12-21,17.81,22.37,15.27,84.02,15.18,4.62,17.0
2021-12-22,17.32,22.06,14.32,85.01,16.36,3.98,17.5
2021-12-23,17.49,22.34,14.36,84.39,4.88,3.81,20.91
2021-12-24,18.13,23.25,14.66,84.93,1.21,3.61,21.07
2021-12-25,17.85,22.67,14.91,85.55,2.91,4.01,18.79
2021-12-26,18.04,23.2,14.81,85.85,7.33,3.83,17.69
2021-12-27,18.3,23.58,14.91,82.06,0.39,3.67,22.58
2021-12-28,18.0,23.22,14.78,84.71,3.4,3.36,22.55
2021-12-29,18.05,23.19,14.76,80.96,0.64,2.64,20.93
2021-12-30,18.47,23.97,14.89,78.57,0.27,2.77,23.57
2021-12-31,17.99,24.7,12.76,74.84,0.03,2.79,24.07
2022-01-01,16.68,22.86,12.1,71.58,0.0,2.38,24.51
2022-01-02,17.92,26.03,12.47,73.83,0.01,2.19,26.11
2022-01-03,17.39,25.09,11.08,73.31,0.01,2.44,26.98
2022-01-04,17.54,25.44,11.73,68.75,0.0,2.81,27.88
2022-01-05,17.49,23.81,10.69,71.65,0.81,3.0,23.1
2022-01-06,18.58,24.32,14.8,80.49,1.17,3.25,23.85
2022-01-07,19.07,25.57,14.78,76.6,0.5,3.65,23.66
2022-01-08,18.78,25.02,14.6,77.53,0.32,3.58,24.14
2022-01-09,18.4,25.74,11.41,71.99,0.06,3.31,24.64
2022-01-10,18.81,26.63,12.04,69.46,0.01,3.38,27.38
2022-01-11,18.04,24.17,12.99,70.41,0.1,4.03,25.03
2022-01-12,17.29,25.55,10.2,64.88,0.01,3.91,27.6
2022-01-13,17.12,25.89,9.14,58.04,0.0,3.41,27.66
2022-01-14,18.86,27.52,10.68,58.04,0.0,2.75,25.95
2022-01-15,19.0,26.22,13.94,74.01,0.33,1.83,16.55
2022-01-16,19.4,26.63,14.0,72.6,0.62,0.96,21.39
2022-01-17,18.94,24.23,14.91,74.41,1.81,1.39,10.54
2022-01-18,18.17,24.52,14.65,82.49,13.23,1.16,17.18
2022-01-19,18.19,22.96,15.24,81.16,3.84,2.12,20.42
2022-01-20,18.33,26.32,12.43,67.75,0.12,2.02,24.13
2022-01-21,18.5,24.82,12.01,66.92,0.45,2.36,15.7
2022-01-22,18.85,26.01,13.86,75.33,2.83,2.73,22.21
2022-01-23,18.7,26.49,12.68,67.07,0.16,2.72,20.46
2022-01-24,18.82,27.7,12.28,62.09,0.08,2.48,20.8
2022-01-25,18.24,26.72,11.94,64.1,0.02,3.02,25.56
2022-01-26,17.72,26.45,10.75,62.69,0.0,2.92,27.94
2022-01-27,17.5,26.3,10.42,60.89,0.0,2.56,26.98
2022-01-28,19.61,29.0,11.25,54.69,0.01,2.72,24.43
2022-01-29,19.19,27.2,12.1,62.66,0.07,3.04,23.68
2022-01-30,19.24,27.28,12.51,67.59,0.37,2.9,25.69
2022-01-31,19.62,27.16,14.36,69.65,0.34,2.54,12.8
2022-02-01,18.81,24.29,14.4,69.27,0.13,1.93,18.05
2022-02-02,20.02,26.51,13.86,69.07,0.45,3.27,18.07
2022-02-03,20.13,27.03,15.54,71.87,0.42,4.09,18.77
2022-02-04,20.16,28.3,13.57,67.11,0.91,3.09,24.13
2022-02-05,20.64,27.9,14.13,63.97,0.59,2.14,23.14
2022-02-06,19.39,26.09,14.44,68.89,5.81,1.46,23.92
2022-02-07,17.75,23.01,14.1,79.17,9.37,2.38,16.76
2022-02-08,18.7,26.39,12.15,65.42,0.16,3.01,26.62
2022-02-09,19.03,27.52,12.34,58.61,0.01,3.3,26.83
2022-02-10,19.4,28.63,11.07,54.25,0.0,3.02,27.12
2022-02-11,20.08,28.74,12.74,59.2,0.12,2.99,24.99
2022-02-12,20.26,27.79,14.08,67.06,0.21,3.37,23.51
2022-02-13,20.79,28.89,14.37,61.12,0.07,2.54,24.57
2022-02-14,21.55,30.37,14.07,57.77,0.06,2.61,24.65
2022-02-15,20.38,29.27,14.65,62.91,0.26,2.7,21.02
2022-02-16,20.83,29.9,13.76,57.87,0.0,2.52,25.84
2022-02-17,21.38,30.65,12.89,54.5,0.01,2.18,26.46
2022-02-18,21.32,29.68,14.13,62.21,0.76,2.49,21.23
2022-02-19,20.61,27.49,16.23,68.86,1.62,2.39,21.77
2022-02-20,20.58,27.58,15.11,64.77,0.49,2.8,24.82
2022-02-21,21.12,29.13,15.2,65.29,0.6,2.95,20.63
2022-02-22,20.05,27.22,15.98,75.13,4.48,2.17,15.62
2022-02-23,20.45,27.29,16.4,70.51,0.37,2.26,16.06
2022-02-24,19.08,25.66,14.53,74.11,2.11,2.84,16.65
2022-02-25,17.89,22.34,13.2,82.68,2.0,2.89,23.14
2022-02-26,20.5,28.69,14.19,65.35,0.08,2.96,26.89
2022-02-27,20.53,29.16,12.95,59.1,0.0,3.33,28.74
2022-02-28,20.18,29.08,11.96,57.93,0.01,3.5,27.19
2022-03-01,19.61,27.54,13.24,64.81,0.06,3.84,26.92
2022-03-02,18.75,26.39,12.31,67.41,1.93,3.55,27.23
2022-03-03,20.17,29.43,11.78,54.31,0.12,3.46,28.61
2022-03-04,20.3,29.24,12.49,55.29,0.25,3.27,28.84
2022-03-05,20.06,28.77,12.18,51.73,0.05,3.28,28.52
2022-03-06,19.8,28.4,12.42,60.78,1.48,3.36,28.38
2022-03-07,20.57,29.23,12.95,59.86,0.03,3.12,27.84
2022-03-08,21.17,29.33,14.81,64.55,0.31,3.17,26.25
2022-03-09,21.43,29.22,14.99,60.61,0.13,3.55,24.3
2022-03-10,21.11,29.43,14.11,54.7,0.05,3.65,27.56
2022-03-11,20.94,29.75,12.58,53.91,0.01,3.62,28.27
2022-03-12,20.9,29.85,14.02,54.42,0.22,3.32,28.09
2022-03-13,21.22,30.61,12.77,44.92,0.0,3.22,27.41
2022-03-14,21.78,30.59,12.88,47.18,0.03,3.32,25.73
2022-03-15,21.87,30.81,14.71,51.05,0.02,3.08,27.43
2022-03-16,22.71,32.15,14.23,47.57,0.01,2.96,26.12
2022-03-17,22.27,30.87,15.61,52.14,0.09,3.29,23.11
2022-03-18,21.13,29.63,13.96,56.03,0.09,3.31,24.12
2022-03-19,21.35,29.73,14.4,59.83,0.1,3.06,26.74
2022-03-20,22.12,30.43,14.78,52.23,0.01,3.42,27.48
2022-03-21,21.77,30.64,13.57,51.31,0.01,3.4,26.56
2022-03-22,21.16,29.63,14.23,54.63,0.44,3.43,26.77
2022-03-23,21.49,30.47,12.78,53.95,0.37,3.03,27.41
2022-03-24,21.91,29.94,15.71,61.36,1.58,2.88,25.26
2022-03-25,22.26,30.91,15.87,59.32,1.48,2.91,24.27
2022-03-26,21.55,28.61,15.94,64.32,2.45,2.94,21.39
2022-03-27,21.4,28.15,15.88,64.97,0.68,3.4,20.02
2022-03-28,21.0,28.77,15.28,69.35,1.98,3.65,19.13
2022-03-29,20.63,27.38,16.15,72.58,2.74,4.11,22.76
2022-03-30,20.33,27.15,15.8,69.24,1.58,4.36,23.22
2022-03-31,20.07,26.29,15.73,77.86,8.0,4.32,21.94
2022-04-01,19.53,25.31,16.12,77.49,12.62,4.68,18.07
2022-04-02,19.66,25.94,15.47,72.64,0.96,4.55,20.77
2022-04-03,19.94,27.02,14.67,69.27,0.33,4.11,23.02
2022-04-04,20.97,28.9,14.77,64.46,0.29,3.55,25.56
2022-04-05,20.75,28.31,15.3,64.79,0.25,3.41,24.55
2022-04-06,20.43,28.16,15.25,66.69,0.03,3.35,25.74
2022-04-07,20.62,28.44,14.26,63.05,0.02,3.4,24.79
2022-04-08,20.25,28.02,14.62,61.98,0.01,3.25,25.0
2022-04-09,20.78,28.36,15.59,63.25,0.01,3.56,25.23
2022-04-10,20.49,28.21,14.68,62.76,0.04,3.45,21.86
2022-04-11,20.23,29.01,13.06,60.25,0.33,2.76,19.23
2022-04-12,21.07,28.74,14.64,62.59,0.49,2.4,22.76
2022-04-13,21.51,29.36,14.98,58.61,0.54,2.81,21.44
2022-04-14,20.39,27.55,15.65,71.79,3.33,3.5,18.92
2022-04-15,20.64,28.62,14.75,58.64,0.63,3.57,20.31
2022-04-16,19.41,26.22,12.97,51.51,0.04,2.08,21.83
2022-04-17,20.87,29.41,12.88,54.46,0.21,1.86,20.72
2022-04-18,21.14,29.0,14.86,66.28,0.33,2.34,17.62
2022-04-19,21.14,28.77,16.34,67.01,1.07,3.11,16.94
2022-04-20,20.66,28.67,15.48,70.17,2.93,3.06,18.82
2022-04-21,19.62,26.51,14.84,74.6,6.07,3.01,17.99
2022-04-22,20.28,27.36,15.28,74.06,2.02,2.7,19.51
2022-04-23,19.8,25.5,16.18,75.33,0.61,3.33,20.41
2022-04-24,19.58,26.7,14.84,68.36,0.73,3.21,18.02
2022-04-25,19.2,24.35,15.24,77.8,2.53,2.47,22.44
2022-04-26,20.66,28.12,16.04,69.13,1.65,3.18,22.75
2022-04-27,19.56,26.23,15.36,66.35,1.3,2.31,19.77
2022-04-28,18.74,25.95,13.57,73.27,6.03,2.28,15.59
2022-04-29,20.09,27.82,14.75,69.22,1.18,2.79,20.2
2022-04-30,20.11,26.83,15.11,72.74,0.78,2.7,22.46
2022-05-01,20.24,26.69,15.05,71.85,0.54,2.75,18.69
2022-05-02,20.08,27.85,14.92,70.49,3.3,2.79,20.42
2022-05-03,17.46,20.76,14.59,78.41,1.09,2.68,18.2
2022-05-04,17.69,23.99,13.86,77.98,2.87,2.6,19.18
2022-05-05,18.48,25.2,13.68,73.83,2.06,2.19,16.89
2022-05-06,19.58,27.76,13.64,67.45,0.53,2.42,19.57
2022-05-07,19.44,27.27,13.97,72.21,0.86,2.58,17.97
2022-05-08,20.42,27.16,15.03,66.54,0.28,2.05,20.75
2022-05-09,20.63,27.06,15.95,67.53,0.18,2.15,19.48
2022-05-10,21.15,28.65,15.19,63.7,0.09,2.6,22.09
2022-05-11,20.95,27.87,15.66,66.11,0.15,2.98,22.63
2022-05-12,20.69,28.91,14.32,59.6,0.28,2.66,23.0
2022-05-13,20.14,27.57,14.76,71.46,3.48,2.76,24.35
2022-05-14,20.34,27.69,15.35,69.23,0.64,3.17,23.37
2022-05-15,19.81,27.56,13.79,64.48,0.13,3.23,23.8
2022-05-16,19.4,26.95,13.86,64.72,0.21,3.01,19.9
2022-05-17,19.6,27.1,14.13,69.39,0.46,2.38,18.05
2022-05-18,19.45,26.94,14.08,68.6,0.62,3.17,16.12
2022-05-19,19.22,26.59,13.45,65.99,0.38,2.71,22.33
2022-05-20,19.73,28.22,13.7,64.73,0.24,2.79,22.62
2022-05-21,20.45,29.05,13.98,62.79,0.21,2.68,21.91
2022-05-22,21.23,29.45,14.66,62.21,0.17,2.35,21.41
2022-05-23,20.12,26.54,15.67,66.45,0.82,2.29,18.7
2022-05-24,21.07,29.91,13.26,51.47,0.03,2.31,20.75
2022-05-25,20.9,27.35,14.97,60.46,0.05,1.94,18.61
2022-05-26,21.07,29.16,14.65,59.17,0.13,1.99,20.68
2022-05-27,20.4,28.03,14.25,66.47,0.97,2.19,17.23
2022-05-28,18.7,24.91,14.64,72.89,2.11,2.89,14.71
2022-05-29,19.03,25.72,14.09,68.74,0.63,2.57,16.45
2022-05-30,18.54,25.04,13.48,67.85,0.92,2.06,15.8
2022-05-31,18.98,26.68,12.49,62.11,0.43,2.48,17.65
2022-06-01,19.32,27.23,13.59,66.3,0.31,2.95,19.01
2022-06-02,18.7,26.64,13.07,65.9,0.18,3.64,17.94
2022-06-03,18.06,26.46,12.04,64.36,0.1,2.97,17.0
2022-06-04,18.28,27.39,11.52,57.15,0.02,2.94,21.1
2022-06-05,19.1,27.87,11.26,53.5,0.02,2.02,24.18
2022-06-06,19.04,26.42,13.41,65.97,0.18,2.46,17.51
2022-06-07,18.09,24.1,13.68,65.57,0.32,2.65,13.85
2022-06-08,18.68,25.96,13.12,63.24,0.17,2.88,16.64
2022-06-09,18.53,25.41,12.8,65.53,0.16,2.33,15.26
2022-06-10,18.81,25.77,13.72,65.67,0.27,1.99,16.99
2022-06-11,19.05,25.23,13.45,64.2,0.28,2.67,16.99
2022-06-12,18.62,25.38,13.68,70.82,0.82,2.73,17.03
2022-06-13,18.85,26.17,12.86,65.37,0.61,2.37,13.64
2022-06-14,19.76,28.71,12.84,64.53,0.65,2.0,20.37
2022-06-15,20.31,29.19,13.53,60.33,0.09,2.45,20.21
2022-06-16,19.43,28.5,12.51,59.62,0.06,2.78,21.05
2022-06-17,19.59,27.99,13.81,63.67,0.14,2.76,19.51
2022-06-18,19.38,26.72,13.6,65.25,0.36,2.69,17.82
2022-06-19,18.81,26.23,13.26,67.85,0.47,2.51,12.84
2022-06-20,18.48,25.94,13.07,61.64,0.23,2.92,15.16
2022-06-21,18.7,26.93,11.75,57.23,0.05,2.56,21.79
2022-06-22,18.71,25.48,12.07,58.02,0.05,1.55,19.09
2022-06-23,18.44,26.49,12.92,68.85,0.8,2.4,12.74
2022-06-24,16.57,22.15,12.26,72.53,2.04,2.76,11.8
2022-06-25,17.0,23.14,11.82,69.5,0.77,2.14,10.7
2022-06-26,16.38,22.11,11.19,65.88,0.91,2.27,13.34
2022-06-27,17.39,24.73,11.61,63.79,0.23,2.59,15.97
2022-06-28,17.38,25.54,10.07,59.04,0.13,2.4,10.6
2022-06-29,17.6,26.95,9.73,60.5,0.25,2.72,17.06
2022-06-30,18.46,26.87,11.83,59.16,0.11,2.58,17.84
2022-07-01,18.01,25.74,12.46,61.54,0.07,2.69,11.82
2022-07-02,18.18,26.59,11.58,59.64,0.06,2.5,21.82
2022-07-03,18.22,27.01,12.2,57.88,0.1,2.39,21.18
2022-07-04,17.8,27.19,10.71,58.5,0.04,1.93,21.46
2022-07-05,18.41,26.14,12.24,65.49,0.22,1.76,16.89
2022-07-06,17.17,22.52,12.76,67.67,0.84,2.05,19.08
2022-07-07,17.34,23.36,12.06,68.65,0.29,2.13,16.28
2022-07-08,16.86,23.75,12.35,72.41,1.02,2.72,9.79
2022-07-09,16.59,22.74,12.19,67.52,0.4,2.76,10.0
2022-07-10,16.25,23.12,11.53,68.86,1.07,2.84,14.44
2022-07-11,16.71,25.21,10.59,62.03,0.32,2.83,18.27
2022-07-12,16.64,24.76,10.83,66.11,0.38,2.8,8.58
2022-07-13,18.14,27.14,10.59,56.18,0.06,2.81,21.59
2022-07-14,17.87,26.28,10.89,68.62,1.88,2.77,17.58
2022-07-15,18.47,26.03,12.72,70.01,1.05,3.23,15.3
2022-07-16,18.66,27.02,12.53,64.75,0.24,3.23,14.49
2022-07-17,17.95,25.2,13.06,70.27,0.55,2.82,9.16
2022-07-18,17.45,24.91,12.33,69.54,1.68,3.07,11.93
2022-07-19,17.27,24.33,12.14,64.37,0.25,2.81,11.25
2022-07-20,17.13,25.22,12.12,71.0,2.47,3.16,17.71
2022-07-21,16.83,25.61,10.73,62.02,0.21,2.77,14.07
2022-07-22,17.25,24.78,11.59,68.45,0.67,2.95,16.73
2022-07-23,17.35,25.79,11.47,65.79,0.46,2.63,16.37
2022-07-24,18.27,26.93,11.27,65.49,0.52,2.26,20.91
2022-07-25,17.21,22.48,11.94,70.4,0.64,2.27,20.64
2022-07-26,17.02,23.42,12.54,70.57,0.82,2.88,14.12
2022-07-27,18.0,25.66,12.2,68.32,0.82,2.52,20.01
2022-07-28,17.86,25.43,12.65,71.47,1.13,2.63,16.96
2022-07-29,17.55,23.99,13.08,74.58,2.31,2.29,13.78
2022-07-30,17.92,25.59,12.78,72.97,1.07,2.62,16.52
2022-07-31,18.04,24.77,12.52,70.31,0.97,2.18,16.83
2022-08-01,17.68,24.06,13.56,74.23,1.87,2.51,8.92
2022-08-02,16.69,22.9,12.56,74.73,3.09,2.66,8.51
2022-08-03,16.3,22.65,11.47,75.73,2.17,1.91,8.32
2022-08-04,16.44,22.62,11.8,74.46,0.99,2.4,11.76
2022-08-05,16.35,23.34,11.49,71.89,0.59,2.41,12.11
2022-08-06,17.16,25.43,10.71,68.31,0.24,1.95,22.05
2022-08-07,17.03,23.96,11.38,68.85,0.46,1.75,21.67
2022-08-08,17.41,25.35,11.03,65.34,0.18,2.19,19.99
2022-08-09,17.78,26.3,11.02,62.57,0.33,1.96,19.21
2022-08-10,16.76,22.78,11.16,67.65,0.47,2.37,19.86
2022-08-11,17.49,25.73,11.73,71.24,0.63,3.2,13.56
2022-08-12,16.98,23.94,11.97,73.06,1.23,2.84,13.6
2022-08-13,16.87,23.62,11.68,71.78,0.67,2.54,12.12
2022-08-14,17.86,25.22,12.7,70.53,0.5,2.4,18.6
2022-08-15,17.8,24.53,13.06,72.98,0.46,2.23,16.15
2022-08-16,17.95,23.76,13.68,68.76,0.42,2.19,18.06
2022-08-17,17.47,24.77,12.02,62.77,0.13,2.5,12.77
2022-08-18,18.6,27.97,11.67,56.88,0.07,2.55,24.86
2022-08-19,19.08,28.88,11.65,53.82,0.12,2.33,25.67
2022-08-20,20.3,29.9,11.28,52.05,0.02,2.15,24.5
2022-08-21,20.07,28.02,12.48,54.13,0.02,2.71,23.7
2022-08-22,19.06,27.95,12.73,55.45,0.03,3.3,21.44
2022-08-23,18.53,27.06,11.47,58.3,0.15,3.21,17.14
2022-08-24,18.31,27.34,11.31,57.58,0.1,3.47,19.86
2022-08-25,18.17,25.29,12.03,61.16,0.25,2.61,13.89
2022-08-26,17.86,24.26,13.09,70.3,2.7,2.5,15.18
2022-08-27,16.66,22.31,12.43,75.06,2.22,2.85,10.19
2022-08-28,18.0,25.73,11.68,66.11,0.32,2.62,17.48
2022-08-29,19.56,27.5,12.27,61.26,0.25,1.83,22.27
2022-08-30,19.83,27.34,13.22,61.36,0.17,2.46,23.71
2022-08-31,18.65,26.36,13.33,63.33,0.18,2.81,14.98
2022-09-01,18.45,25.82,11.99,58.47,0.09,2.61,19.64
2022-09-02,18.51,26.78,12.02,61.89,0.39,2.4,16.74
2022-09-03,18.09,24.2,12.36,65.23,0.88,2.3,20.44
2022-09-04,19.19,27.33,11.89,61.42,0.25,1.89,22.05
2022-09-05,17.35,21.77,12.37,69.69,2.13,1.48,20.2
2022-09-06,17.1,22.25,13.49,77.62,6.55,1.82,17.24
2022-09-07,17.39,23.74,12.7,77.14,3.72,2.13,10.3
2022-09-08,16.7,22.95,12.72,76.44,18.95,2.45,12.38
2022-09-09,16.46,22.3,12.3,79.2,16.26,2.0,17.98
2022-09-10,17.39,24.6,11.98,72.52,1.4,2.46,20.11
2022-09-11,18.43,26.61,12.42,71.91,3.42,2.38,24.66
2022-09-12,18.84,26.46,13.07,73.83,6.28,2.17,23.22
2022-09-13,17.23,21.86,13.91,77.41,2.19,2.61,22.4
2022-09-14,17.32,23.76,12.68,72.82,0.07,2.79,15.51
2022-09-15,18.11,26.21,12.64,69.42,0.2,2.98,16.57
2022-09-16,17.93,25.93,12.02,68.39,0.09,3.02,21.03
2022-09-17,18.44,25.89,13.1,71.64,0.29,2.68,21.19
2022-09-18,18.19,25.27,12.92,70.07,0.16,3.02,20.34
2022-09-19,19.29,28.06,13.07,67.29,0.17,3.0,25.92
2022-09-20,19.32,27.65,13.67,66.97,0.18,3.31,25.31
2022-09-21,19.03,27.84,13.27,62.27,0.13,2.9,26.83
2022-09-22,19.43,28.36,13.43,65.53,0.18,2.66,24.72
2022-09-23,19.02,28.1,12.43,61.67,0.03,2.61,25.64
2022-09-24,19.19,28.03,12.78,64.63,0.17,3.23,27.25
2022-09-25,18.96,26.24,12.04,65.95,0.48,3.13,23.69
2022-09-26,18.67,26.14,12.93,70.61,1.12,3.72,22.1
2022-09-27,18.75,27.69,12.52,60.67,0.19,3.09,25.74
2022-09-28,18.59,27.79,11.79,59.43,0.03,2.33,25.81
2022-09-29,18.82,26.49,12.65,64.04,0.07,2.25,24.61
2022-09-30,19.22,26.97,13.19,65.86,0.06,2.59,22.62
2022-10-01,18.95,26.25,13.67,66.15,0.03,2.57,24.45
2022-10-02,19.75,28.08,13.27,60.98,0.05,2.41,24.4
2022-10-03,19.18,26.92,12.94,61.03,0.41,1.91,23.36
2022-10-04,19.06,26.73,11.61,56.76,0.03,2.4,23.19
2022-10-05,19.43,28.23,12.07,56.65,0.17,2.88,24.9
2022-10-06,19.91,28.6,13.96,61.02,0.56,3.14,22.58
2022-10-07,19.19,28.18,13.39,59.91,0.57,2.97,22.49
2022-10-08,19.08,26.51,13.05,57.65,0.06,2.91,17.63
2022-10-09,18.59,27.69,11.98,55.41,0.21,2.74,24.19
2022-10-10,19.18,28.74,12.22,55.13,0.06,2.68,23.94
2022-10-11,19.21,29.11,10.71,52.58,0.04,2.44,27.03
2022-10-12,19.37,29.3,11.83,50.37,0.05,2.54,26.93
2022-10-13,19.32,28.61,10.57,49.44,0.01,2.47,26.45
2022-10-14,19.41,28.77,11.16,52.88,0.0,2.71,25.35
2022-10-15,18.43,25.1,11.77,56.9,0.03,2.82,24.62
2022-10-16,19.79,28.21,13.24,56.25,0.03,3.45,22.49
2022-10-17,20.32,28.91,14.1,64.83,0.34,3.59,23.0
2022-10-18,20.2,28.0,14.44,63.3,0.15,3.34,23.02
2022-10-19,20.29,28.22,14.0,59.62,0.13,3.38,23.98
2022-10-20,19.79,28.65,13.39,56.72,0.06,3.36,22.29
2022-10-21,19.55,29.32,12.93,53.23,0.2,3.52,23.36
2022-10-22,19.8,29.35,12.57,51.23,0.14,3.51,26.21
2022-10-23,20.3,28.28,14.54,62.95,0.36,3.88,26.17
2022-10-24,21.1,29.29,14.28,55.89,0.13,3.6,26.82
2022-10-25,21.37,29.9,14.35,56.16,0.27,3.54,26.21
2022-10-26,21.71,30.18,15.03,55.86,0.07,3.72,23.75
2022-10-27,21.16,29.37,15.12,59.99,0.43,3.81,23.63
2022-10-28,21.74,30.39,14.88,55.25,0.07,3.17,25.63
2022-10-29,21.33,30.16,14.18,52.84,0.14,3.49,25.51
2022-10-30,21.0,29.94,14.29,54.63,0.88,3.4,23.36
2022-10-31,20.03,28.26,14.37,69.17,7.64,3.57,23.25
2022-11-01,19.18,25.62,15.1,75.79,6.57,3.76,16.23
2022-11-02,18.5,25.27,14.31,76.13,2.58,3.5,17.54
2022-11-03,18.79,25.51,13.97,67.85,0.55,2.95,14.11
2022-11-04,19.08,26.71,13.88,69.69,0.91,2.88,21.04
2022-11-05,18.83,26.05,12.61,71.16,0.55,3.47,24.86
2022-11-06,19.02,25.86,14.47,76.9,7.74,3.58,22.5
2022-11-07,19.52,25.81,15.89,75.57,5.01,3.97,21.55
2022-11-08,19.37,25.29,15.17,72.2,2.25,3.7,23.52
2022-11-09,19.33,26.34,13.98,69.81,0.4,3.0,23.16
2022-11-10,19.68,27.22,14.92,70.57,2.12,3.5,21.76
2022-11-11,18.68,24.7,15.28,79.25,5.9,3.53,20.12
2022-11-12,18.68,24.62,15.03,75.51,2.16,3.48,17.32
2022-11-13,18.25,22.78,14.99,76.33,1.88,2.63,17.36
2022-11-14,18.52,24.48,14.52,80.19,6.52,2.73,14.33
2022-11-15,17.83,22.44,15.32,80.68,7.05,2.65,16.38
2022-11-16,18.76,25.08,15.01,78.71,7.16,3.03,14.02
2022-11-17,17.49,21.05,15.11,85.09,24.37,3.62,10.92
2022-11-18,18.09,24.31,14.04,76.27,2.35,3.0,18.0
2022-11-19,18.53,24.84,14.33,79.36,19.31,3.12,23.23
2022-11-20,18.15,23.32,14.84,78.31,4.9,3.13,18.17
2022-11-21,18.51,24.08,14.73,80.13,1.47,3.15,20.75
2022-11-22,18.18,22.82,15.65,82.78,1.62,3.65,20.92
2022-11-23,17.88,22.98,14.78,82.79,4.86,3.72,17.04
2022-11-24,17.6,23.33,14.13,79.42,1.48,3.49,18.62
2022-11-25,18.05,24.32,14.11,77.73,0.86,3.77,20.56
2022-11-26,18.35,25.57,13.37,71.88,0.11,3.34,24.77
2022-11-27,18.95,26.21,13.17,71.68,0.32,3.02,20.65
2022-11-28,18.73,24.72,14.63,79.82,3.46,3.29,17.9
2022-11-29,18.54,24.29,15.06,80.56,2.72,3.96,20.08
2022-11-30,18.35,24.06,14.99,81.99,6.23,4.23,20.8
2022-12-01,17.94,23.9,14.22,78.81,2.89,3.86,23.45
2022-12-02,17.9,23.63,13.82,81.29,10.09,3.35,23.94
2022-12-03,17.87,23.56,14.1,82.11,2.74,3.79,21.8
2022-12-04,18.0,23.78,14.64,81.98,4.63,3.59,17.74
2022-12-05,18.25,24.35,13.8,79.15,1.35,3.26,21.57
2022-12-06,18.51,24.41,14.06,79.1,1.52,2.96,19.74
2022-12-07,18.49,24.17,14.81,80.56,3.69,3.45,21.57
2022-12-08,18.14,23.91,13.59,77.87,1.57,3.37,20.34
2022-12-09,17.62,23.96,13.17,79.09,2.52,2.79,19.62
2022-12-10,18.53,25.06,13.78,78.51,1.86,2.32,18.24
2022-12-11,18.73,24.49,14.89,80.86,3.35,2.87,20.74
2022-12-12,18.68,24.56,15.07,80.13,1.91,3.63,17.28
2022-12-13,18.46,24.2,14.66,80.69,3.07,3.56,16.75
2022-12-14,18.49,25.31,13.95,76.74,0.77,3.19,24.36
2022-12-15,18.5,25.75,13.12,74.38,0.45,2.69,24.48
2022-12-16,19.02,25.66,13.9,73.76,0.56,2.7,22.93
2022-12-17,19.07,25.88,14.22,73.99,0.19,2.99,23.31
2022-12-18,19.21,26.26,14.06,72.11,0.12,3.01,24.2
2022-12-19,19.33,26.0,14.21,71.48,0.11,2.94,22.81
2022-12-20,19.27,25.88,14.33,64.75,0.02,3.44,21.36
2022-12-21,19.06,25.61,13.4,67.16,0.05,2.87,17.55
2022-12-22,18.82,25.37,13.93,76.09,2.42,3.09,20.09
2022-12-23,18.89,25.51,14.61,75.51,1.29,3.22,20.22
2022-12-24,18.91,25.78,13.79,74.93,1.16,2.86,20.41
2022-12-25,18.89,26.07,13.56,73.64,0.79,3.04,22.55
2022-12-26,19.0,25.37,14.05,75.0,1.46,3.05,21.98
2022-12-27,18.07,22.53,15.11,77.54,1.11,3.15,11.01
2022-12-28,18.7,25.5,13.72,72.28,0.41,3.38,23.07
2022-12-29,18.04,24.23,13.57,72.45,1.03,4.18,22.97
2022-12-30,17.73,25.19,11.05,68.36,0.04,3.85,25.3
2022-12-31,17.83,25.12,11.33,68.2,0.02,3.58,25.71
2023-01-01,18.26,25.31,12.8,66.8,0.3,3.84,26.25
2023-01-02,17.7,23.74,13.33,76.86,1.98,4.32,21.82
2023-01-03,17.01,22.31,13.66,81.75,6.99,4.25,19.53
2023-01-04,16.95,23.58,11.77,80.34,4.21,3.98,16.42
2023-01-05,17.82,24.73,13.07,75.1,1.45,3.73,24.29
2023-01-06,18.37,25.82,11.03,68.51,0.1,3.21,25.87
2023-01-07,18.77,26.01,12.08,67.59,0.28,3.19,25.51
2023-01-08,18.82,25.86,12.64,73.25,2.15,3.13,24.99
2023-01-09,18.69,25.08,14.58,75.23,3.05,3.77,23.92
2023-01-10,17.87,22.69,14.0,79.74,5.62,3.19,24.45
2023-01-11,18.6,25.19,13.85,74.6,0.89,3.2,24.97
2023-01-12,18.76,25.85,12.8,71.2,0.17,3.17,24.75
2023-01-13,18.08,25.65,11.45,63.28,0.03,3.65,27.23
2023-01-14,17.97,25.83,10.92,62.46,0.0,3.35,27.13
2023-01-15,18.28,26.31,11.25,63.12,0.01,3.35,26.43
2023-01-16,18.12,25.61,11.62,64.96,0.1,3.35,25.66
2023-01-17,18.56,26.05,12.11,61.33,0.13,3.32,25.83
2023-01-18,19.47,27.35,12.35,53.52,0.0,3.18,26.35
2023-01-19,19.71,28.21,12.34,54.31,0.0,3.05,25.34
2023-01-20,19.49,27.26,12.74,61.52,0.03,3.16,25.8
2023-01-21,19.13,27.45,11.68,57.34,0.0,3.54,27.09
2023-01-22,18.37,25.23,12.38,64.05,0.12,3.3,20.43
2023-01-23,18.22,24.54,13.39,72.58,0.49,2.77,20.22
2023-01-24,18.79,24.68,13.52,71.61,0.61,3.42,22.15
2023-01-25,18.96,26.73,13.62,67.98,0.03,3.1,25.6
2023-01-26,19.19,27.8,12.01,59.3,0.01,2.97,26.47
2023-01-27,18.49,26.58,12.71,60.48,0.02,3.46,26.82
2023-01-28,18.3,27.13,10.45,58.34,0.0,3.35,28.26
2023-01-29,18.62,27.29,11.06,57.94,0.01,3.24,27.91
2023-01-30,19.01,27.7,11.32,58.44,0.08,3.07,26.66
2023-01-31,18.97,27.76,11.96,60.76,0.0,2.69,25.66
2023-02-01,20.16,29.24,12.25,57.92,0.01,2.34,25.22
2023-02-02,21.17,29.92,12.72,55.29,0.02,2.64,24.96
2023-02-03,20.55,29.79,13.38,43.13,0.0,2.87,28.4
2023-02-04,20.01,27.6,12.29,48.85,0.0,3.28,28.5
2023-02-05,20.47,29.71,11.91,49.38,0.0,3.01,27.02
2023-02-06,20.66,30.03,12.95,44.88,0.0,2.9,27.61
2023-02-07,20.57,29.75,12.04,46.83,0.03,3.22,24.87
2023-02-08,21.27,29.57,13.61,52.85,0.01,3.31,24.01
2023-02-09,20.79,28.92,13.39,57.04,0.24,3.39,24.85
2023-02-10,21.22,30.34,13.14,50.06,0.0,3.34,27.56
2023-02-11,20.84,28.9,13.43,55.58,0.0,3.48,27.43
2023-02-12,20.33,28.79,14.05,51.1,0.0,3.82,28.02
2023-02-13,19.88,29.21,11.21,46.6,0.0,3.57,28.87
2023-02-14,20.73,29.78,11.52,52.54,0.0,3.53,27.34
2023-02-15,21.69,30.2,12.87,52.6,0.0,3.41,26.23
2023-02-16,21.68,29.77,14.69,54.46,0.0,3.8,24.51
2023-02-17,20.79,28.71,14.99,58.26,0.0,4.26,26.29
2023-02-18,20.22,28.7,13.03,58.25,0.01,4.03,26.95
2023-02-19,20.51,28.74,13.73,60.62,0.01,3.92,26.27
2023-02-20,20.56,28.84,13.7,52.44,0.04,3.67,27.67
2023-02-21,20.53,28.73,13.21,48.97,0.3,3.45,27.0
2023-02-22,20.52,29.38,12.42,52.96,0.13,3.31,26.03
2023-02-23,21.01,29.88,13.8,54.97,1.16,3.17,26.55
2023-02-24,21.74,30.53,14.67,51.62,0.14,3.35,26.17
2023-02-25,21.43,29.44,13.62,53.71,0.05,3.01,26.29
2023-02-26,21.33,28.38,15.02,56.89,0.3,3.74,27.22
2023-02-27,20.72,27.56,15.15,66.5,1.45,3.98,25.18
2023-02-28,20.52,27.22,15.26,64.44,0.25,4.01,23.23
2023-03-01,21.11,28.89,14.71,55.25,0.02,3.45,26.36
2023-03-02,21.41,30.08,12.84,56.48,0.36,3.05,25.07
2023-03-03,21.72,29.3,15.48,57.17,0.22,3.49,23.57
2023-03-04,20.9,28.46,13.86,54.68,0.05,3.94,26.79
2023-03-05,20.44,28.73,12.97,56.81,0.07,4.09,27.63
2023-03-06,20.45,28.46,12.97,59.36,0.07,4.02,28.49
2023-03-07,21.06,29.1,14.95,63.84,0.17,3.75,27.55
2023-03-08,21.79,30.33,15.42,56.44,0.06,3.69,26.44
2023-03-09,21.92,28.9,15.19,55.26,0.17,3.19,26.1
2023-03-10,22.2,28.41,16.35,57.43,0.14,3.4,22.68
2023-03-11,21.3,29.46,16.37,59.91,0.11,3.81,21.79
2023-03-12,20.71,29.79,13.91,57.57,1.53,3.3,23.43
2023-03-13,21.07,29.97,12.1,57.81,0.28,3.36,25.65
2023-03-14,21.58,30.23,15.09,60.25,1.37,3.55,19.87
2023-03-15,19.7,25.38,15.08,65.83,0.94,2.86,19.47
2023-03-16,20.51,27.3,15.17,67.84,1.76,3.44,18.18
2023-03-17,20.91,28.68,15.06,58.75,0.09,3.89,23.97
2023-03-18,21.05,29.89,12.43,52.16,0.03,3.21,25.18
2023-03-19,21.02,28.24,13.2,52.36,0.13,2.98,21.59
2023-03-20,20.31,25.31,15.69,61.65,1.12,2.56,21.77
2023-03-21,20.22,27.49,15.48,63.87,2.39,2.3,19.11
2023-03-22,19.97,26.15,15.36,72.43,4.27,1.73,21.03
2023-03-23,19.93,26.69,15.51,72.78,1.38,3.09,21.94
2023-03-24,19.0,25.07,14.78,77.55,3.64,2.53,21.08
2023-03-25,18.7,25.78,13.86,77.92,8.22,2.33,13.88
2023-03-26,19.27,26.25,15.34,75.73,1.21,2.59,16.85
2023-03-27,20.44,28.08,15.09,70.18,1.02,2.93,24.53
2023-03-28,20.61,27.84,15.82,72.69,2.69,3.23,24.63
2023-03-29,20.65,28.07,15.67,70.3,1.28,3.48,21.9
2023-03-30,20.32,27.52,15.33,72.63,0.81,3.44,25.81
2023-03-31,20.08,26.86,15.53,74.61,3.47,3.52,24.67
2023-04-01,20.82,28.25,15.05,67.87,1.41,2.46,23.76
2023-04-02,20.93,28.82,14.8,66.29,2.39,2.41,23.94
2023-04-03,20.24,26.83,15.86,75.68,22.84,3.19,21.72
2023-04-04,18.77,23.53,15.9,83.15,49.98,2.97,22.48
2023-04-05,17.87,21.14,15.54,88.28,28.39,3.27,23.49
2023-04-06,18.17,22.8,15.26,84.3,3.37,2.83,18.62
2023-04-07,18.78,24.44,14.13,83.05,1.88,3.16,25.22
2023-04-08,18.76,23.9,15.39,81.83,1.83,3.78,13.75
2023-04-09,18.73,24.6,14.45,80.53,0.33,3.31,21.99
2023-04-10,18.69,23.81,14.72,82.9,3.48,3.19,24.86
2023-04-11,18.73,24.19,15.07,84.42,14.72,3.54,20.15
2023-04-12,18.59,23.89,14.94,86.52,13.35,3.71,20.79
2023-04-13,18.73,23.7,15.32,84.76,4.68,3.67,18.68
2023-04-14,18.34,24.27,14.21,79.71,1.83,3.14,15.73
2023-04-15,18.53,24.4,14.72,83.03,1.92,3.43,19.75
2023-04-16,18.25,23.87,14.04,79.47,2.2,3.08,19.23
2023-04-17,18.98,25.18,14.61,79.03,0.54,3.32,20.34
2023-04-18,18.93,24.89,14.74,81.14,2.41,3.15,19.16
2023-04-19,18.95,25.47,13.96,78.04,0.68,2.57,22.68
2023-04-20,19.42,26.68,14.53,76.09,1.41,2.02,23.53
2023-04-21,19.53,25.54,15.1,81.72,2.1,1.99,21.67
2023-04-22,17.64,22.95,14.36,87.83,19.3,2.76,13.63
2023-04-23,17.69,23.6,12.08,78.78,2.76,1.94,19.6
2023-04-24,18.46,23.54,14.3,82.88,2.91,2.79,20.41
2023-04-25,17.43,20.57,15.26,88.57,3.9,2.31,18.01
2023-04-26,18.7,24.62,15.03,79.22,5.45,1.86,18.65
2023-04-27,18.36,24.58,13.9,82.1,1.96,1.82,18.92
2023-04-28,18.47,24.46,14.16,83.4,4.4,2.49,14.88
2023-04-29,17.97,24.26,13.72,81.31,5.69,2.14,15.22
2023-04-30,17.29,21.59,13.87,85.2,6.77,2.15,14.34
2023-05-01,17.62,23.54,13.21,81.02,0.13,1.82,13.44
2023-05-02,18.62,25.09,13.73,76.66,0.56,2.01,18.57
2023-05-03,18.52,24.48,14.33,81.52,1.14,2.7,15.41
2023-05-04,18.28,25.21,13.73,79.33,1.16,2.08,23.09
2023-05-05,18.4,25.69,13.05,74.77,0.34,1.89,23.74
2023-05-06,19.04,26.16,14.36,76.3,0.73,2.22,22.65
2023-05-07,19.15,25.53,14.61,79.62,1.18,2.27,23.03
2023-05-08,19.34,25.66,15.17,78.08,0.85,2.48,20.98
2023-05-09,19.02,25.16,14.92,78.48,0.96,2.98,19.16
2023-05-10,18.65,25.16,13.84,76.79,0.61,2.75,16.87
2023-05-11,18.84,25.36,14.1,78.76,0.49,2.92,16.65
2023-05-12,19.32,27.14,14.01,72.37,0.3,2.35,22.98
2023-05-13,19.95,27.24,14.88,74.89,0.51,2.49,23.15
2023-05-14,18.7,25.18,14.0,78.27,0.72,1.9,18.42
2023-05-15,19.74,27.01,14.2,71.45,0.09,1.77,21.11
2023-05-16,19.68,26.57,14.64,72.68,1.48,2.02,19.2
2023-05-17,18.91,24.84,15.87,79.78,6.14,2.38,16.21
2023-05-18,19.08,26.4,13.9,76.01,3.81,2.14,21.36
2023-05-19,18.39,26.43,12.54,71.23,0.64,1.65,20.54
2023-05-20,19.03,27.54,11.89,68.57,0.22,1.52,24.52
2023-05-21,19.98,27.55,14.38,70.95,0.2,1.49,23.39
2023-05-22,19.96,26.93,15.17,71.91,0.11,1.93,22.04
2023-05-23,19.68,26.44,14.9,75.68,0.88,2.08,19.73
2023-05-24,19.46,27.19,14.48,70.94,0.49,2.77,20.94
2023-05-25,19.1,26.11,13.62,71.93,0.14,2.6,23.24
2023-05-26,18.72,25.72,14.46,72.93,0.77,3.07,17.83
2023-05-27,17.63,24.38,13.32,78.29,1.79,3.57,16.72
2023-05-28,17.78,24.83,13.25,76.94,2.69,3.57,20.47
2023-05-29,17.46,24.89,11.6,76.73,2.12,2.92,12.77
2023-05-30,17.82,25.0,12.36,75.75,0.51,2.68,15.48
2023-05-31,18.26,25.61,12.97,73.16,0.23,2.11,18.54
2023-06-01,19.06,26.59,13.27,73.09,0.58,2.48,19.77
2023-06-02,19.21,26.85,13.91,71.18,0.61,2.88,18.73
2023-06-03,18.45,25.78,13.06,73.61,0.56,2.89,17.2
2023-06-04,18.48,26.25,13.05,73.25,0.31,2.44,18.28
2023-06-05,19.05,27.15,12.61,70.09,0.39,2.32,22.87
2023-06-06,19.23,26.24,14.45,73.86,0.39,2.73,19.11
2023-06-07,18.41,27.68,12.73,58.97,0.07,1.82,23.27
2023-06-08,19.1,28.0,10.7,58.84,0.03,2.04,24.28
2023-06-09,19.51,27.16,13.33,67.17,0.17,2.49,17.92
2023-06-10,19.67,27.05,13.9,70.95,0.18,1.95,20.82
2023-06-11,19.24,25.82,13.69,68.34,0.04,2.08,18.65
2023-06-12,18.69,25.73,13.8,72.14,0.09,1.52,19.29
2023-06-13,18.44,23.65,13.98,75.53,1.01,1.19,19.24
2023-06-14,18.51,24.75,14.67,76.62,0.43,1.52,15.3
2023-06-15,18.62,24.14,15.01,81.09,6.95,1.48,16.3
2023-06-16,17.81,21.43,15.72,86.42,15.1,1.78,16.42
2023-06-17,17.44,23.27,13.9,79.93,5.38,2.19,10.19
2023-06-18,17.96,25.14,13.29,74.95,1.39,2.4,17.32
2023-06-19,17.91,25.18,12.75,74.35,0.91,1.92,20.74
2023-06-20,18.68,26.36,13.14,74.68,0.77,1.72,18.92
2023-06-21,18.32,25.3,13.86,76.76,0.46,2.42,13.14
2023-06-22,18.4,25.17,13.2,73.69,0.12,2.12,13.04
2023-06-23,17.8,23.28,14.27,77.7,0.42,2.22,10.01
2023-06-24,17.86,24.03,13.85,75.13,0.19,1.85,12.76
2023-06-25,18.23,25.41,12.58,71.88,0.06,1.26,18.0
2023-06-26,17.72,24.78,13.13,76.27,0.62,1.85,16.22
2023-06-27,17.95,23.93,12.6,74.23,0.45,1.73,15.41
2023-06-28,18.24,24.96,13.59,71.41,0.69,1.87,18.78
2023-06-29,17.07,21.73,13.88,78.47,0.59,2.09,18.77
2023-06-30,16.89,22.85,13.16,78.2,1.04,2.54,11.09
2023-07-01,17.15,23.89,12.17,75.54,0.58,2.91,9.56
2023-07-02,17.04,25.25,11.43,72.67,0.56,2.87,10.61
2023-07-03,17.19,24.63,11.75,74.17,0.65,2.94,13.61
2023-07-04,16.79,23.48,11.76,74.22,0.51,2.66,10.89
2023-07-05,17.89,25.81,11.89,70.79,0.23,1.69,16.7
2023-07-06,17.55,25.09,12.22,75.02,0.89,1.86,12.85
2023-07-07,16.77,23.71,12.49,74.92,0.46,3.0,6.83
2023-07-08,16.11,23.72,11.41,72.68,0.22,2.57,15.22
2023-07-09,17.32,25.95,11.3,68.35,0.12,1.89,22.07
2023-07-10,18.91,28.3,10.57,62.85,0.09,1.63,23.37
2023-07-11,19.4,28.41,12.86,64.65,0.31,2.02,23.84
2023-07-12,18.37,26.85,13.48,69.59,0.46,2.44,17.18
2023-07-13,18.12,25.64,13.0,70.73,0.24,2.52,13.75
2023-07-14,18.13,26.58,12.41,68.54,0.41,2.96,19.86
2023-07-15,17.82,25.99,11.34,67.11,0.07,2.85,20.36
2023-07-16,18.13,27.31,11.84,64.6,0.14,2.16,18.97
2023-07-17,18.12,27.39,11.44,65.12,0.11,2.03,14.88
2023-07-18,18.18,26.59,12.42,67.51,0.11,2.16,14.52
2023-07-19,18.62,25.69,12.71,68.29,0.12,1.62,19.17
2023-07-20,19.47,27.48,13.19,67.19,0.31,1.37,21.88
2023-07-21,19.68,27.79,12.69,62.16,0.03,2.87,22.93
2023-07-22,19.01,26.36,13.42,65.88,0.25,2.41,16.01
2023-07-23,18.79,26.59,12.6,64.07,0.09,2.58,14.19
2023-07-24,19.19,26.64,13.36,68.77,0.41,2.24,15.54
2023-07-25,18.66,24.17,14.29,71.48,0.69,2.77,15.3
2023-07-26,18.37,25.82,13.39,69.41,0.56,2.8,16.18
2023-07-27,18.54,27.35,12.11,64.72,0.22,2.65,18.68
2023-07-28,18.1,25.36,12.96,69.83,0.34,2.77,11.96
2023-07-29,19.39,27.96,13.07,66.72,0.17,2.33,18.43
2023-07-30,19.7,27.48,13.46,68.76,0.88,1.81,22.11
2023-07-31,20.75,28.99,14.58,63.06,0.96,2.24,21.43
2023-08-01,18.79,26.14,13.94,67.34,0.74,2.64,17.43
2023-08-02,16.88,22.01,12.31,74.01,0.96,3.0,10.52
2023-08-03,17.28,24.04,12.53,73.25,1.1,2.94,10.64
2023-08-04,17.39,24.79,12.22,69.68,0.52,3.09,11.3
2023-08-05,17.95,26.01,11.94,69.12,0.77,3.1,13.3
2023-08-06,17.81,25.11,12.89,72.16,1.06,3.32,12.49
2023-08-07,18.35,26.63,12.26,67.45,0.72,2.8,18.35
2023-08-08,18.69,26.59,12.85,69.24,1.11,2.51,18.82
2023-08-09,18.79,26.73,13.44,69.23,0.28,2.55,13.34
2023-08-10,18.97,26.77,13.1,67.05,0.13,2.58,14.97
2023-08-11,18.86,26.2,13.58,68.3,0.25,2.35,16.92
2023-08-12,18.98,26.8,13.28,66.98,0.18,2.7,18.58
2023-08-13,19.31,27.31,13.21,64.0,0.06,2.89,21.69
2023-08-14,19.11,27.77,12.93,62.72,0.1,3.09,23.62
2023-08-15,19.62,28.07,13.21,64.17,0.58,2.97,23.18
2023-08-16,19.76,26.95,13.9,65.57,0.55,2.4,19.62
2023-08-17,19.38,27.52,13.85,68.27,1.64,2.68,16.23
2023-08-18,19.02,27.25,12.85,64.2,0.62,3.19,19.03
2023-08-19,19.41,29.52,12.65,55.56,0.46,2.61,26.08
2023-08-20,19.73,29.96,11.1,52.48,0.07,2.47,25.72
2023-08-21,17.03,21.0,13.02,67.02,0.5,1.72,23.85
2023-08-22,20.13,28.35,13.68,62.45,0.25,2.61,23.99
2023-08-23,19.62,29.08,12.88,61.56,0.28,2.88,24.98
2023-08-24,19.73,29.09,13.55,58.75,0.22,3.07,23.76
2023-08-25,20.06,29.76,13.03,57.25,0.07,2.88,25.27
2023-08-26,20.48,29.64,13.53,57.05,0.09,2.81,24.95
2023-08-27,20.36,29.66,13.47,57.85,0.08,3.05,24.82
2023-08-28,19.25,27.6,13.43,61.4,0.23,3.67,18.9
2023-08-29,19.02,27.34,12.21,62.57,0.37,3.34,16.83
2023-08-30,18.55,26.07,12.99,66.83,0.59,3.56,13.74
2023-08-31,19.24,26.9,13.15,62.89,0.31,2.83,16.55
2023-09-01,20.23,28.77,14.39,63.78,0.31,2.44,19.38
2023-09-02,20.08,27.13,14.21,62.21,0.46,2.71,19.5
2023-09-03,20.42,28.84,14.46,62.55,0.39,2.85,24.57
2023-09-04,19.64,27.53,13.62,62.82,0.21,2.89,21.13
2023-09-05,20.56,28.86,14.08,62.7,0.3,2.41,23.11
2023-09-06,21.37,29.77,14.06,58.75,0.25,1.9,19.9
2023-09-07,21.71,28.79,15.77,61.04,0.55,2.05,20.33
2023-09-08,20.32,27.69,15.72,67.64,0.92,2.67,17.37
2023-09-09,19.08,25.52,14.39,71.58,1.76,3.04,13.39
2023-09-10,19.84,28.06,14.22,62.82,0.35,3.04,22.42
2023-09-11,21.4,30.82,13.82,60.59,0.11,2.87,22.09
2023-09-12,21.55,29.36,15.05,60.52,0.09,2.76,23.65
2023-09-13,20.84,29.06,15.61,67.49,0.79,3.84,18.73
2023-09-14,20.27,29.67,12.66,54.79,0.09,3.48,20.1
2023-09-15,20.47,28.73,13.84,58.44,0.2,3.22,16.89
2023-09-16,21.11,29.75,13.9,58.45,0.14,2.78,23.45
2023-09-17,21.36,31.32,13.94,57.42,0.19,2.96,24.5
2023-09-18,21.11,27.45,15.45,56.65,0.13,2.54,21.99
2023-09-19,20.39,26.42,15.03,63.94,0.34,2.54,20.01
2023-09-20,21.61,30.14,14.18,58.2,0.16,2.31,22.51
2023-09-21,21.82,30.78,15.04,58.88,0.18,3.36,23.98
2023-09-22,21.28,30.39,14.84,60.76,0.82,3.42,23.63
2023-09-23,21.25,30.17,14.55,58.65,0.56,3.38,22.45
2023-09-24,20.6,28.48,14.31,60.0,0.65,3.16,20.39
2023-09-25,20.86,27.63,14.85,60.17,0.62,2.54,24.55
2023-09-26,21.4,29.0,14.51,51.93,0.12,2.08,23.49
2023-09-27,21.23,29.61,14.68,60.2,0.24,3.14,24.62
2023-09-28,21.03,29.81,14.7,62.82,0.46,3.85,20.89
2023-09-29,21.22,30.3,14.89,63.24,0.78,3.6,25.88
2023-09-30,21.61,30.58,14.73,60.17,0.27,3.31,24.47
2023-10-01,21.66,30.32,14.9,59.38,0.23,2.8,23.84
2023-10-02,21.29,30.77,14.46,51.04,0.1,3.32,25.62
2023-10-03,20.45,29.8,13.16,56.39,2.12,3.67,27.83
2023-10-04,19.61,26.44,14.95,72.8,5.15,3.99,14.66
2023-10-05,19.85,27.23,14.33,66.11,0.86,3.44,16.19
2023-10-06,20.35,28.86,13.97,64.21,2.11,3.49,25.15
2023-10-07,20.29,29.4,14.04,57.42,0.78,3.06,24.22
2023-10-08,20.39,30.16,11.87,53.96,0.01,2.76,24.74
2023-10-09,21.4,31.5,12.69,55.25,0.31,2.97,26.18
2023-10-10,21.28,30.22,15.32,60.96,1.72,3.37,24.34
2023-10-11,20.93,30.19,14.47,55.36,0.43,3.02,23.46
2023-10-12,20.96,29.4,13.65,52.46,0.08,2.63,23.59
2023-10-13,21.34,30.38,13.63,54.22,0.12,2.94,25.27
2023-10-14,22.03,31.08,14.33,54.22,0.16,3.51,25.52
2023-10-15,21.03,28.9,15.3,68.94,5.07,4.25,24.81
2023-10-16,20.66,27.57,16.5,74.18,17.73,4.06,18.74
2023-10-17,20.71,27.22,15.95,70.92,1.07,3.33,22.34
2023-10-18,20.69,28.15,15.7,71.3,2.01,4.05,21.72
2023-10-19,19.91,26.18,15.63,73.99,3.8,4.06,19.24
2023-10-20,20.01,27.65,14.65,72.06,7.21,3.54,21.67
2023-10-21,20.58,27.83,14.96,68.47,0.61,3.25,18.8
2023-10-22,20.34,29.26,13.87,57.41,0.07,2.67,23.29
2023-10-23,19.87,29.15,12.64,60.59,0.05,2.86,25.18
2023-10-24,20.85,28.76,14.52,68.22,0.89,3.17,24.93
2023-10-25,20.44,26.96,16.21,74.74,6.42,3.85,22.77
2023-10-26,19.96,26.79,15.18,72.55,3.36,4.64,18.13
2023-10-27,19.81,26.24,15.57,73.11,1.38,4.05,18.77
2023-10-28,19.83,26.34,15.11,71.59,3.18,3.68,19.55
2023-10-29,19.85,26.85,15.47,72.27,3.73,3.58,21.45
2023-10-30,19.47,26.44,15.58,74.95,4.07,3.94,21.03
2023-10-31,19.07,25.11,14.72,77.53,24.42,3.9,19.67
2023-11-01,19.42,26.1,14.74,75.39,2.16,3.31,16.42
2023-11-02,18.91,24.32,15.57,81.08,14.87,3.73,15.63
2023-11-03,17.93,23.25,14.86,84.54,19.65,2.85,16.26
2023-11-04,17.97,24.13,13.39,80.35,4.43,2.38,15.75
2023-11-05,18.84,25.5,14.98,79.78,7.82,2.34,16.23
2023-11-06,18.24,24.53,13.81,82.63,10.63,3.0,20.51
2023-11-07,18.78,24.43,14.45,80.79,3.29,2.83,22.59
2023-11-08,18.76,23.86,15.5,82.31,7.37,2.93,15.41
2023-11-09,18.8,24.14,15.38,84.32,7.98,3.47,21.05
2023-11-10,19.11,24.19,15.79,83.46,9.64,3.95,19.28
2023-11-11,18.54,23.72,14.36,85.52,22.24,4.3,17.92
2023-11-12,18.61,23.95,14.4,85.41,17.45,4.16,19.24
2023-11-13,18.05,22.46,15.2,86.87,11.34,3.48,20.07
2023-11-14,18.71,24.19,14.14,84.39,1.2,2.79,18.67
2023-11-15,18.68,23.89,15.3,85.34,4.44,3.0,17.59
2023-11-16,18.59,23.97,15.45,86.28,4.26,2.92,17.29
2023-11-17,18.32,23.65,15.02,85.79,14.41,3.48,17.29
2023-11-18,17.79,22.97,13.94,85.09,4.38,2.7,20.0
2023-11-19,16.93,20.8,14.33,87.45,5.75,2.76,17.45
2023-11-20,17.88,22.99,13.77,85.66,8.64,2.99,17.63
2023-11-21,18.06,22.03,14.98,87.67,15.12,2.95,16.98
2023-11-22,18.26,22.32,15.08,88.49,7.69,3.64,18.29
2023-11-23,17.47,21.74,14.07,86.64,6.1,3.63,19.02
2023-11-24,16.69,20.84,13.67,83.96,21.65,2.11,17.68
2023-11-25,17.59,22.81,13.04,85.81,17.4,2.27,16.93
2023-11-26,18.28,22.79,15.55,87.16,7.91,3.3,20.32
2023-11-27,17.28,21.34,13.74,86.37,5.01,2.67,22.56
2023-11-28,17.21,20.69,15.05,86.86,1.23,2.68,17.86
2023-11-29,17.82,23.25,14.16,83.7,0.84,2.66,23.71
2023-11-30,17.82,23.05,14.75,85.84,3.19,2.84,24.48
2023-12-01,17.2,22.97,12.29,82.31,1.09,2.5,23.15
2023-12-02,17.71,22.99,13.72,84.38,0.12,2.49,22.54
2023-12-03,17.78,23.66,12.64,81.86,0.25,2.73,20.53
2023-12-04,17.95,23.14,14.68,85.05,0.33,2.89,21.54
2023-12-05,17.52,23.09,13.71,84.12,2.3,3.03,20.86
2023-12-06,17.81,23.03,12.98,84.34,0.08,2.49,21.54
2023-12-07,18.07,23.33,13.72,81.68,0.0,2.02,26.09
2023-12-08,18.26,24.02,13.89,82.99,0.01,2.18,25.87
2023-12-09,18.09,23.25,13.98,82.77,0.1,2.69,22.97
2023-12-10,18.15,23.16,15.02,86.03,2.66,3.34,19.99
2023-12-11,17.98,23.09,14.87,85.04,1.62,3.2,23.16
2023-12-12,18.73,23.91,14.82,84.55,2.56,3.05,22.83
2023-12-13,18.65,22.85,15.89,85.94,2.66,2.15,21.11
2023-12-14,18.78,23.53,15.52,86.74,3.55,2.3,18.29
2023-12-15,19.2,23.11,16.13,87.58,7.05,3.57,18.67
2023-12-16,18.63,23.75,15.31,86.33,3.8,3.96,15.56
2023-12-17,18.43,23.61,15.07,85.03,1.03,4.03,23.07
2023-12-18,18.65,23.74,15.28,83.75,0.1,3.38,25.08
2023-12-19,17.68,22.95,13.35,82.66,0.07,3.03,19.03
2023-12-20,18.4,23.97,13.75,79.56,0.02,2.81,23.33
2023-12-21,18.64,23.99,14.49,81.21,0.05,3.34,24.28
2023-12-22,18.32,23.65,13.71,83.5,1.14,3.25,24.19
2023-12-23,18.71,23.91,14.79,84.21,2.55,3.11,18.63
2023-12-24,19.09,24.36,15.03,84.14,1.4,2.93,24.36
2023-12-25,19.49,24.63,15.84,83.93,2.07,3.27,23.29
2023-12-26,19.0,24.09,15.93,84.18,3.23,4.08,20.14
2023-12-27,18.31,23.82,14.58,78.42,0.5,3.85,24.32
2023-12-28,18.5,23.98,13.71,80.57,1.18,2.92,25.3
2023-12-29,19.12,24.66,14.78,81.83,1.73,2.73,22.27
2023-12-30,18.98,23.49,15.96,83.24,0.89,3.03,22.12
2023-12-31,19.14,24.85,14.32,79.19,0.66,2.66,18.99
2024-01-01,19.2,25.08,14.71,78.5,0.73,2.29,19.19
2024-01-02,19.18,23.71,15.72,81.15,1.42,2.38,17.6
2024-01-03,19.01,26.05,13.89,74.12,0.11,2.32,19.18
2024-01-04,19.19,26.1,13.4,73.12,0.79,1.9,19.91
2024-01-05,19.5,26.3,14.49,74.81,1.3,1.56,17.26
2024-01-06,18.24,24.42,15.19,81.86,2.13,2.1,16.36
2024-01-07,18.84,24.1,15.45,78.38,4.0,2.54,13.38
2024-01-08,18.53,24.95,12.78,77.17,0.46,2.86,21.86
2024-01-09,18.83,25.95,13.1,72.39,0.07,2.81,22.67
2024-01-10,18.11,23.46,14.21,75.05,0.34,2.85,15.78
2024-01-11,18.15,24.52,14.2,74.05,0.49,2.0,14.56
2024-01-12,19.18,24.66,14.68,78.2,2.51,1.34,15.04
2024-01-13,18.91,23.11,16.56,85.6,10.82,1.77,11.31
2024-01-14,18.49,23.28,14.84,80.5,2.58,1.58,18.36
2024-01-15,19.19,25.27,15.36,80.83,1.08,2.57,21.36
2024-01-16,19.23,24.72,15.22,80.34,4.12,2.37,22.45
2024-01-17,18.37,24.15,13.24,74.1,0.63,1.99,16.5
2024-01-18,19.11,25.11,15.29,74.75,0.25,1.33,12.83
2024-01-19,19.93,25.7,14.76,74.48,4.2,1.36,23.34
2024-01-20,18.39,21.57,15.86,85.84,31.27,1.89,17.35
2024-01-21,17.77,23.08,14.27,80.01,5.94,2.57,14.29
2024-01-22,17.96,23.58,12.11,77.37,0.04,2.59,20.74
2024-01-23,18.01,24.25,13.56,78.13,0.01,2.41,24.09
2024-01-24,18.06,25.29,13.6,71.03,0.0,2.01,25.23
2024-01-25,18.63,24.13,13.48,71.86,0.16,1.88,23.61
2024-01-26,18.54,23.47,14.68,80.23,0.06,2.1,23.08
2024-01-27,19.44,25.55,15.67,80.35,0.5,2.89,25.61
2024-01-28,18.82,25.09,14.38,78.39,0.35,2.93,26.79
2024-01-29,19.37,26.15,14.15,76.67,0.17,3.02,25.03
2024-01-30,19.62,26.15,13.86,78.72,1.34,3.06,23.13
2024-01-31,19.55,25.56,14.35,77.62,0.65,3.42,24.16
2024-02-01,19.22,26.09,14.11,76.19,0.21,2.64,24.46
2024-02-02,19.64,25.83,14.99,74.94,0.0,2.3,20.21
2024-02-03,20.62,27.57,15.61,70.0,0.0,3.06,26.04
2024-02-04,20.36,27.4,15.03,72.87,0.02,3.54,25.88
2024-02-05,19.39,26.21,15.3,77.1,0.57,3.24,24.2
2024-02-06,18.94,25.62,14.8,74.33,0.36,2.8,24.61
2024-02-07,19.98,27.43,14.01,69.9,0.26,2.87,25.6
2024-02-08,20.13,26.16,15.52,75.33,0.47,2.78,21.9
2024-02-09,20.37,27.3,15.02,71.87,0.03,3.02,25.97
2024-02-10,19.97,26.78,14.89,76.1,0.78,3.39,24.63
2024-02-11,19.72,27.28,13.97,73.8,0.59,2.95,24.86
2024-02-12,20.12,28.08,12.78,69.63,0.2,2.76,26.72
2024-02-13,19.41,23.93,14.98,76.61,1.26,2.63,26.54
2024-02-14,20.16,27.96,14.32,74.22,0.58,3.13,26.53
2024-02-15,19.2,26.69,13.64,71.4,0.01,2.95,27.11
2024-02-16,18.24,24.16,11.36,70.94,0.13,2.54,27.85
2024-02-17,19.74,27.48,13.94,74.02,0.41,2.44,27.87
2024-02-18,20.73,28.89,13.7,69.48,0.1,2.6,25.31
2024-02-19,21.58,29.6,14.43,64.07,0.31,2.58,22.03
2024-02-20,20.9,27.71,15.62,73.38,1.54,2.87,24.87
2024-02-21,20.81,28.28,15.76,70.01,0.08,3.64,26.91
2024-02-22,19.6,26.8,12.68,74.06,1.02,4.01,27.44
2024-02-23,19.8,26.07,15.47,74.91,2.26,4.57,22.0
2024-02-24,19.75,26.13,16.05,78.58,5.36,4.19,14.69
2024-02-25,20.45,27.8,14.97,72.06,1.24,3.02,20.16
2024-02-26,20.96,28.76,15.63,68.24,0.44,2.33,21.22
2024-02-27,20.45,26.55,15.21,75.79,2.38,2.23,20.66
2024-02-28,19.86,24.49,16.69,80.11,6.86,1.99,18.67
2024-02-29,20.63,26.36,16.43,75.19,1.37,2.05,22.02
2024-03-01,20.77,27.82,16.56,76.79,4.69,3.28,24.77
2024-03-02,20.72,27.38,15.92,74.56,1.38,3.42,25.99
2024-03-03,20.9,28.05,15.72,73.48,0.19,3.19,25.57
2024-03-04,21.21,28.51,15.52,67.17,0.05,3.1,22.37
2024-03-05,19.93,26.68,16.3,76.27,0.34,3.77,23.78
2024-03-06,20.21,26.87,15.57,73.57,2.66,3.36,23.31
2024-03-07,20.4,27.96,14.05,71.21,0.11,2.58,26.01
2024-03-08,21.2,28.77,16.11,68.92,0.12,2.59,25.9
2024-03-09,20.83,27.48,15.99,74.9,2.06,3.0,25.11
2024-03-10,20.81,27.25,16.69,73.35,1.83,3.79,25.05
2024-03-11,20.24,27.61,15.16,68.17,0.19,3.75,27.52
2024-03-12,20.15,28.53,12.13,62.02,0.1,3.04,28.8
2024-03-13,20.4,28.6,13.25,68.41,0.19,3.27,27.5
2024-03-14,20.8,27.15,16.5,72.74,0.57,3.72,24.67
2024-03-15,20.53,27.78,15.32,71.92,1.06,3.71,25.75
2024-03-16,20.8,28.61,14.69,66.56,0.28,3.21,25.47
2024-03-17,21.29,29.48,14.67,62.9,0.03,3.05,27.73
2024-03-18,21.43,29.16,16.18,70.0,0.61,3.42,24.68
2024-03-19,21.35,27.9,16.56,69.54,0.12,3.65,25.25
2024-03-20,21.5,28.53,16.88,71.84,0.67,4.18,24.52
2024-03-21,21.83,29.36,16.82,66.49,0.41,3.83,26.19
2024-03-22,22.11,30.05,16.1,66.74,0.69,3.33,26.8
2024-03-23,20.54,25.81,17.77,80.67,4.97,3.04,21.64
2024-03-24,20.39,26.83,17.17,78.7,8.47,2.12,17.62
2024-03-25,21.08,27.72,16.7,73.57,3.79,3.1,20.97
2024-03-26,21.02,27.58,17.03,74.39,3.56,3.22,23.39
2024-03-27,20.93,27.33,17.08,77.12,3.33,3.88,22.54
2024-03-28,20.75,27.39,16.1,73.03,1.72,3.83,22.83
2024-03-29,20.4,28.1,14.08,74.75,0.49,3.34,24.19
2024-03-30,19.75,25.55,16.59,81.95,3.38,3.59,21.67
2024-03-31,20.1,26.93,15.7,74.57,5.39,4.21,20.84
2024-04-01,18.93,23.69,16.09,82.07,16.95,3.28,19.85
2024-04-02,20.17,27.23,15.82,75.9,0.66,2.55,18.79
2024-04-03,19.57,26.56,15.43,72.74,2.02,2.21,20.22
2024-04-04,18.14,21.76,15.11,84.44,9.78,2.17,17.01
2024-04-05,19.11,24.66,15.78,81.71,4.0,2.86,20.9
2024-04-06,19.95,25.88,15.3,77.3,0.58,2.76,18.96
2024-04-07,20.04,26.05,16.01,77.27,0.28,2.41,24.21
2024-04-08,18.98,23.64,15.85,87.34,41.36,2.35,20.56
2024-04-09,19.48,25.1,15.66,80.53,1.71,1.88,17.76
2024-04-10,20.32,27.36,15.83,74.87,0.06,1.99,24.5
2024-04-11,19.32,24.99,15.61,81.13,1.79,1.74,21.4
2024-04-12,20.56,27.15,15.61,75.62,1.85,2.33,19.56
2024-04-13,20.03,25.73,16.83,82.32,3.04,2.84,18.13
2024-04-14,18.59,22.81,16.15,86.29,6.1,2.13,19.73
2024-04-15,18.64,23.32,15.79,84.34,3.35,1.96,19.61
2024-04-16,19.64,26.15,15.76,77.74,0.45,1.78,22.53
2024-04-17,19.51,26.46,15.18,81.29,1.3,2.08,21.4
2024-04-18,19.39,25.51,15.43,80.79,3.7,2.55,22.31
2024-04-19,19.05,25.84,13.68,78.32,1.14,2.02,18.13
2024-04-20,19.81,26.02,15.26,79.19,14.97,1.74,20.09
2024-04-21,18.3,22.32,15.89,86.88,10.41,1.67,16.14
2024-04-22,19.38,24.6,16.44,83.92,1.41,1.72,20.25
2024-04-23,19.76,24.75,16.02,82.69,4.29,1.87,18.14
2024-04-24,19.53,24.53,16.46,84.11,15.03,1.86,18.4
2024-04-25,18.04,21.01,16.33,91.18,21.64,1.48,16.71
2024-04-26,18.07,22.05,15.32,86.64,18.82,1.72,13.36
2024-04-27,19.02,24.34,14.66,83.52,8.69,2.02,19.97
2024-04-28,18.48,22.39,15.4,88.06,17.61,1.95,15.17
2024-04-29,18.48,24.85,14.35,86.37,11.33,1.29,19.16
2024-04-30,19.37,24.47,15.8,86.75,26.74,1.11,19.15
2024-05-01,18.47,21.05,16.52,92.12,57.54,1.59,15.4
2024-05-02,19.36,24.41,15.43,86.02,8.75,2.04,17.27
2024-05-03,18.88,22.68,16.16,87.27,3.25,2.01,17.26
2024-05-04,17.76,20.76,16.03,89.59,2.3,2.36,13.34
2024-05-05,18.36,22.95,15.46,87.52,14.35,2.18,19.47
2024-05-06,18.29,22.05,15.22,87.87,7.08,1.59,16.35
2024-05-07,18.25,22.75,15.09,87.3,2.11,2.22,16.28
2024-05-08,17.8,22.2,14.44,85.28,1.12,1.75,15.42
2024-05-09,17.47,22.27,13.75,87.39,0.85,2.04,16.61
2024-05-10,17.46,23.01,13.56,84.42,0.87,1.73,14.81
2024-05-11,18.22,23.97,13.32,84.85,0.44,1.63,23.07
2024-05-12,17.73,24.23,12.57,79.6,0.0,1.59,23.47
2024-05-13,18.03,24.48,12.39,76.73,0.06,1.35,24.08
2024-05-14,18.61,24.63,12.95,80.69,1.93,1.37,21.14
2024-05-15,19.07,24.53,14.19,83.47,0.44,1.45,19.57
2024-05-16,18.98,24.51,13.77,83.8,0.27,1.26,20.57
2024-05-17,19.46,24.89,15.3,83.62,1.09,1.31,20.56
2024-05-18,18.96,24.79,12.97,82.34,1.47,1.53,20.92
2024-05-19,19.31,24.54,14.6,81.71,0.52,1.33,20.18
2024-05-20,19.13,23.92,15.32,84.17,0.37,1.76,18.98
2024-05-21,18.05,21.63,15.77,85.6,0.35,1.88,18.41
2024-05-22,18.76,23.62,15.19,84.66,1.34,2.53,19.14
2024-05-23,18.21,23.55,14.26,86.55,1.92,2.63,15.44
2024-05-24,17.96,23.38,13.6,82.05,0.24,1.83,19.98
2024-05-25,18.38,23.24,14.43,85.17,1.78,1.46,13.68
2024-05-26,18.76,24.24,14.82,84.42,0.52,1.36,19.88
2024-05-27,18.88,25.15,13.87,80.56,0.07,1.48,21.2
2024-05-28,18.7,25.3,13.49,80.15,0.06,1.26,17.72
2024-05-29,18.72,24.64,13.65,80.53,0.1,1.05,17.33
2024-05-30,18.95,25.24,13.22,81.19,0.21,1.41,19.4
2024-05-31,18.17,24.94,12.04,78.31,0.15,1.45,19.43
2024-06-01,18.48,25.24,12.02,76.31,0.05,1.35,20.85
2024-06-02,18.99,24.81,14.3,81.44,0.43,1.13,18.7
2024-06-03,18.53,23.05,14.57,82.86,2.33,0.94,19.94
2024-06-04,18.9,24.51,13.98,81.63,2.63,1.16,20.57
2024-06-05,18.37,24.34,14.4,82.53,0.28,1.7,17.27
2024-06-06,18.02,24.17,13.39,81.19,0.49,1.46,13.67
2024-06-07,18.31,24.42,13.56,79.41,0.7,1.15,18.11
2024-06-08,18.21,24.41,13.45,82.35,1.16,1.78,15.83
2024-06-09,17.65,23.49,13.79,81.15,1.15,2.08,9.22
2024-06-10,17.35,23.81,12.48,79.27,0.32,1.69,17.6
2024-06-11,17.37,23.5,12.1,76.24,0.11,1.74,19.12
2024-06-12,17.29,24.0,10.91,74.32,0.02,1.43,19.55
2024-06-13,17.72,25.39,11.1,69.28,0.0,1.63,22.18
2024-06-14,17.41,25.24,9.9,72.15,0.01,1.37,21.84
2024-06-15,17.3,24.17,10.35,75.49,0.18,1.54,20.35
2024-06-16,17.65,23.14,13.41,76.04,0.53,1.33,18.82
2024-06-17,18.18,25.34,11.24,70.48,0.09,1.42,20.38
2024-06-18,18.12,25.63,11.96,67.36,0.06,1.73,21.36
2024-06-19,17.83,24.21,12.8,78.9,0.77,2.23,19.47
2024-06-20,16.56,22.84,11.96,79.54,1.33,2.12,12.05
2024-06-21,17.11,24.55,12.16,74.89,0.46,2.2,16.07
2024-06-22,17.73,25.0,12.21,73.73,0.24,1.73,18.79
2024-06-23,17.28,24.81,11.15,72.59,0.37,1.56,19.84
2024-06-24,16.98,24.82,10.5,69.1,0.03,1.67,18.32
2024-06-25,16.13,24.35,8.67,67.0,0.07,1.83,22.24
2024-06-26,16.27,23.62,9.44,67.05,0.12,1.93,19.04
2024-06-27,17.14,24.13,11.68,74.29,0.33,2.48,13.37
2024-06-28,17.21,23.79,11.68,71.53,0.12,2.26,17.97
2024-06-29,18.06,26.35,11.72,68.67,0.08,1.64,20.27
2024-06-30,17.55,25.75,11.99,70.27,0.18,1.71,16.64
2024-07-01,17.68,25.95,11.72,67.83,0.12,1.52,20.84
2024-07-02,18.53,26.7,12.67,67.14,0.01,1.4,20.0
2024-07-03,18.73,25.88,12.71,70.52,0.16,1.23,20.25
2024-07-04,18.39,25.53,13.23,73.69,0.34,1.97,20.32
2024-07-05,18.67,26.13,12.8,68.5,0.13,1.59,18.05
2024-07-06,16.92,22.01,13.27,77.67,0.84,1.25,15.07
2024-07-07,18.03,23.05,14.93,81.13,2.57,1.3,13.16
2024-07-08,18.03,23.15,13.8,82.41,6.58,1.49,15.09
2024-07-09,17.55,22.27,14.92,82.22,2.17,1.77,14.76
2024-07-10,18.0,24.7,13.33,69.77,1.9,2.12,12.43
2024-07-11,17.73,25.9,11.63,69.8,0.07,1.91,20.13
2024-07-12,17.2,24.92,10.07,72.56,0.9,2.01,21.29
2024-07-13,17.69,24.88,12.22,73.93,1.25,1.88,13.53
2024-07-14,17.93,26.29,10.17,64.68,0.3,1.78,16.25
2024-07-15,18.2,25.75,11.41,68.13,0.1,1.5,20.46
2024-07-16,17.64,22.75,14.7,80.18,0.67,1.65,12.01
2024-07-17,17.06,22.14,13.93,81.35,1.84,2.11,13.04
2024-07-18,17.32,24.38,12.86,76.68,0.68,1.98,8.95
2024-07-19,18.06,24.62,13.76,75.29,0.21,2.04,14.72
2024-07-20,17.65,23.46,13.35,78.13,0.17,1.42,13.85
2024-07-21,18.13,24.79,12.89,75.7,0.34,1.7,17.63
2024-07-22,18.23,24.96,12.04,71.93,0.2,2.25,16.9
2024-07-23,17.25,27.01,9.63,59.6,0.04,1.73,21.34
2024-07-24,18.85,26.62,12.43,70.69,0.26,1.41,17.83
2024-07-25,19.27,26.54,14.15,75.93,2.49,1.28,20.68
2024-07-26,19.06,24.65,14.63,75.97,5.64,2.2,18.04
2024-07-27,18.25,25.61,13.09,71.55,0.82,1.7,16.03
2024-07-28,18.85,26.62,12.79,68.73,0.2,1.36,16.63
2024-07-29,17.03,21.75,13.84,82.92,5.85,1.43,13.43
2024-07-30,17.63,22.6,14.0,78.17,4.19,1.67,13.25
2024-07-31,16.98,22.85,11.28,76.09,0.13,1.46,15.58
2024-08-01,17.21,24.97,10.86,69.15,0.12,1.86,20.22
2024-08-02,18.05,26.21,11.44,67.22,0.11,1.64,15.65
2024-08-03,18.17,26.08,12.16,69.13,0.05,1.97,17.39
2024-08-04,18.41,27.39,12.38,66.91,0.15,1.39,20.62
2024-08-05,18.81,27.84,11.34,61.45,0.1,1.5,24.55
2024-08-06,17.92,25.65,11.69,63.91,0.07,1.5,20.06
2024-08-07,18.31,26.4,11.0,63.46,0.46,2.32,22.28
2024-08-08,18.87,26.45,13.68,73.71,1.79,2.61,13.73
2024-08-09,18.2,25.4,13.05,73.74,0.75,1.95,13.34
2024-08-10,18.55,25.99,13.43,69.64,0.28,2.08,20.02
2024-08-11,18.86,27.9,12.85,68.39,0.23,2.28,16.48
2024-08-12,18.78,25.83,13.1,69.55,0.4,2.01,15.05
2024-08-13,18.94,27.21,12.67,63.9,0.15,1.79,19.04
2024-08-14,19.44,27.11,13.56,67.98,0.14,1.49,21.53
2024-08-15,19.64,26.68,14.29,69.82,0.18,2.14,20.17
2024-08-16,19.38,27.0,13.77,67.73,0.22,1.98,15.32
2024-08-17,19.08,27.04,12.83,62.13,0.05,2.03,22.37
2024-08-18,18.59,26.93,12.64,65.57,0.18,2.35,16.32
2024-08-19,19.04,27.58,12.65,65.12,0.27,1.9,19.55
2024-08-20,18.09,24.05,12.91,69.27,0.29,2.14,15.65
2024-08-21,17.66,23.7,13.6,70.27,0.47,2.69,12.29
2024-08-22,17.65,24.76,12.77,70.31,0.72,2.43,14.88
2024-08-23,18.16,25.82,12.88,69.43,0.49,2.37,14.89
2024-08-24,17.71,24.47,12.56,69.8,0.88,2.43,12.54
2024-08-25,17.68,24.65,12.9,69.23,0.44,2.54,12.83
2024-08-26,18.86,26.66,12.08,63.94,0.19,2.55,18.88
2024-08-27,19.55,26.59,14.07,71.14,1.05,3.39,18.81
2024-08-28,19.72,27.63,13.83,71.28,0.81,3.33,22.61
2024-08-29,20.24,29.13,14.09,61.81,0.3,2.8,24.99
2024-08-30,20.39,29.43,13.32,56.21,0.18,2.55,24.07
2024-08-31,19.47,28.34,13.02,61.58,0.37,3.25,22.7
2024-09-01,19.57,27.2,13.73,63.25,0.55,3.14,15.06
2024-09-02,18.84,26.0,13.35,66.43,0.62,3.01,16.39
2024-09-03,19.48,27.42,13.46,65.99,0.48,2.83,15.94
2024-09-04,18.39,25.61,13.47,68.11,0.83,3.17,10.55
2024-09-05,19.01,27.31,12.71,65.76,0.34,3.07,15.8
2024-09-06,18.75,25.26,12.94,67.27,0.55,3.38,15.49
2024-09-07,19.63,27.42,13.1,61.3,0.18,2.96,23.24
2024-09-08,20.46,29.48,13.1,59.13,0.22,2.86,22.13
2024-09-09,21.37,31.13,13.65,56.24,0.15,2.59,25.99
2024-09-10,21.11,30.57,13.54,56.35,0.12,2.54,25.99
2024-09-11,20.8,30.25,13.83,52.81,0.04,2.32,27.31
2024-09-12,20.78,30.66,13.17,53.99,0.21,2.39,24.18
2024-09-13,21.02,30.98,13.17,53.2,0.13,2.69,27.01
2024-09-14,20.15,29.81,12.74,49.34,0.1,2.71,28.32
2024-09-15,20.4,29.78,12.91,55.02,0.07,2.45,25.38
2024-09-16,19.86,28.81,12.24,54.91,0.06,2.64,24.6
2024-09-17,20.8,29.42,13.85,59.26,0.24,3.05,21.98
2024-09-18,21.41,30.17,14.34,57.74,0.18,2.69,24.7
2024-09-19,21.75,30.53,13.51,53.6,0.14,2.62,24.16
2024-09-20,20.29,27.36,13.81,57.66,0.52,2.43,21.99
2024-09-21,21.11,30.69,13.61,55.29,0.16,2.82,22.98
2024-09-22,21.59,30.97,14.56,57.29,0.25,3.16,24.52
2024-09-23,20.2,27.22,14.22,57.65,0.09,3.08,17.8
2024-09-24,20.15,27.96,13.66,59.42,0.09,3.15,23.13
2024-09-25,20.26,28.61,13.58,57.95,0.15,2.78,17.5
2024-09-26,20.71,28.4,13.6,61.25,0.35,2.27,23.46
2024-09-27,21.68,30.04,14.99,62.28,0.5,2.1,22.57
2024-09-28,21.52,29.7,14.61,62.81,3.57,2.1,21.82
2024-09-29,20.54,27.48,14.14,61.27,0.32,2.27,21.03
2024-09-30,21.02,28.11,14.24,62.86,0.29,2.31,17.41
2024-10-01,21.65,29.48,15.43,59.94,0.04,3.26,20.78
2024-10-02,20.47,28.33,14.78,63.09,0.22,3.95,20.93
2024-10-03,20.24,28.49,14.02,59.65,0.23,4.1,19.08
2024-10-04,20.86,30.19,12.33,53.25,0.03,3.11,24.3
2024-10-05,20.68,28.81,14.13,60.95,0.14,3.1,17.53
2024-10-06,20.25,27.98,14.45,62.89,0.23,3.12,15.02
2024-10-07,20.36,27.78,14.75,60.88,0.1,3.36,17.8
2024-10-08,20.69,27.75,14.42,59.66,0.39,3.05,22.37
2024-10-09,20.81,29.3,14.13,57.22,0.66,2.73,24.53
2024-10-10,20.24,29.17,13.32,56.4,0.36,3.2,25.42
2024-10-11,20.52,29.88,11.83,51.16,0.29,3.09,24.03
2024-10-12,20.3,29.93,12.91,60.2,1.55,3.62,24.85
2024-10-13,20.27,29.49,13.55,52.91,0.24,3.1,24.09
2024-10-14,20.9,29.3,13.88,58.53,0.03,2.66,25.78
2024-10-15,22.0,29.13,14.7,56.75,0.04,2.17,22.85
2024-10-16,21.65,28.21,14.72,56.9,0.06,2.12,21.31
2024-10-17,20.99,26.38,15.71,55.62,0.22,1.76,23.35
2024-10-18,20.85,26.31,16.34,65.6,2.22,1.64,18.21
2024-10-19,20.04,25.96,16.29,71.51,1.05,2.03,16.79
2024-10-20,21.09,27.94,15.43,60.51,1.25,2.49,15.55
2024-10-21,21.41,29.22,15.25,59.5,0.2,3.1,21.43
2024-10-22,21.68,30.59,14.66,56.25,0.01,3.05,25.1
2024-10-23,21.39,30.44,14.02,53.01,0.07,3.02,26.1
2024-10-24,21.27,28.48,14.89,61.0,0.35,2.39,24.28
2024-10-25,21.64,29.64,15.39,56.47,0.06,2.98,24.34
2024-10-26,22.33,30.58,15.44,57.85,0.18,3.16,24.01
2024-10-27,22.27,30.26,16.38,61.65,0.25,3.35,23.58
2024-10-28,22.1,30.34,14.26,56.06,0.03,3.04,21.69
2024-10-29,21.51,30.4,13.94,53.39,0.0,2.72,26.1
2024-10-30,21.81,31.32,13.25,52.24,0.0,2.83,25.99
2024-10-31,21.56,30.13,13.47,52.1,0.01,2.6,26.27
2024-11-01,21.51,29.35,15.91,61.05,1.07,3.48,22.14
2024-11-02,21.16,29.44,14.73,59.7,0.39,3.57,21.91
2024-11-03,22.07,30.27,15.46,57.53,0.16,3.38,24.48
2024-11-04,22.09,30.16,14.52,53.87,0.25,2.92,23.27
2024-11-05,21.06,28.54,15.53,64.03,1.89,3.39,20.81
2024-11-06,19.54,26.62,15.89,80.1,11.02,4.39,19.89
2024-11-07,18.83,24.69,16.02,81.18,13.33,4.16,17.42
2024-11-08,19.57,26.39,14.88,73.04,6.05,4.03,20.15
2024-11-09,19.47,26.26,14.16,74.01,1.34,3.37,22.53
2024-11-10,19.9,26.99,14.73,74.08,5.01,3.21,17.16
2024-11-11,18.67,23.01,16.0,83.57,12.04,3.1,13.26
2024-11-12,19.92,26.49,15.67,76.91,2.79,3.13,24.56
2024-11-13,19.78,25.87,15.6,78.48,5.03,2.51,17.1
2024-11-14,20.11,26.61,15.37,74.56,2.11,2.97,20.53
2024-11-15,19.55,25.87,15.39,79.3,35.55,3.6,13.29
2024-11-16,18.41,22.74,15.9,85.72,56.32,2.92,10.22
2024-11-17,18.35,23.45,14.92,85.03,4.75,2.56,19.35
2024-11-18,18.91,24.29,14.93,82.16,0.73,2.42,22.07
2024-11-19,19.07,24.23,14.89,82.81,0.65,2.52,22.47
2024-11-20,19.18,24.11,15.4,84.39,3.63,2.72,19.28
2024-11-21,19.07,23.58,16.16,85.54,8.4,3.31,17.41
2024-11-22,18.94,23.89,15.63,84.33,4.03,2.81,21.1
2024-11-23,19.23,24.15,15.2,84.22,7.41,2.66,22.06
2024-11-24,19.32,23.87,16.24,85.14,9.52,2.94,19.57
2024-11-25,18.8,22.35,16.52,87.39,18.73,2.28,16.51
2024-11-26,18.99,24.3,15.03,82.56,1.09,2.4,23.86
2024-11-27,19.19,24.6,14.87,84.29,3.81,2.34,18.22
2024-11-28,18.32,22.1,15.89,87.73,4.02,2.15,20.6
2024-11-29,18.87,23.64,14.78,84.8,1.85,2.16,22.26
2024-11-30,19.0,24.5,13.63,81.26,0.8,2.18,19.05
2024-12-01,18.45,22.81,15.79,83.5,1.39,2.43,16.56
2024-12-02,18.01,22.85,14.46,82.46,0.58,2.61,16.49
2024-12-03,17.91,23.91,12.78,77.35,0.2,2.8,21.13
2024-12-04,17.93,24.32,11.92,72.58,0.0,2.84,24.56
2024-12-05,17.99,24.55,11.96,74.09,0.01,2.68,24.27
2024-12-06,18.61,24.64,13.61,77.45,0.36,2.98,23.64
2024-12-07,17.61,24.95,11.51,69.92,0.18,2.8,26.81
2024-12-08,17.71,25.15,11.27,71.55,0.02,2.73,25.78
2024-12-09,17.89,23.87,12.48,80.78,1.56,2.98,23.98
2024-12-10,18.42,23.67,14.89,81.57,2.19,3.17,23.18
2024-12-11,18.62,24.64,14.24,81.14,1.78,3.02,24.3
2024-12-12,18.99,24.77,14.58,78.5,0.57,3.03,22.57
2024-12-13,19.48,26.43,14.05,73.83,0.11,2.59,23.8
2024-12-14,19.95,26.65,13.44,72.99,0.06,2.37,23.3
2024-12-15,19.8,25.84,15.02,75.33,0.09,3.26,22.77
2024-12-16,19.14,25.51,13.85,73.48,0.18,3.88,22.98
2024-12-17,18.84,25.14,13.96,77.82,0.72,3.52,21.97
2024-12-18,19.38,25.77,14.55,75.8,1.15,2.99,22.67
2024-12-19,19.07,25.15,15.16,80.08,5.35,2.79,14.51
2024-12-20,18.92,24.94,14.66,82.6,7.44,1.83,16.79
2024-12-21,18.59,23.18,15.94,84.68,10.15,2.55,18.3
2024-12-22,19.22,25.12,15.02,80.68,1.38,2.63,21.05
2024-12-23,19.21,25.12,15.06,82.04,1.98,3.12,20.13
2024-12-24,19.42,25.59,15.3,80.5,1.71,2.85,21.37
2024-12-25,19.22,25.18,15.41,79.84,1.52,3.31,21.0
2024-12-26,18.92,24.93,15.16,78.15,0.76,3.47,23.76
2024-12-27,18.59,25.41,13.17,76.59,0.18,3.08,23.94
2024-12-28,18.5,25.62,12.97,73.25,0.01,2.75,24.25
2024-12-29,18.63,26.6,12.01,66.0,0.0,2.71,25.02
2024-12-30,18.76,26.18,12.05,68.28,0.01,2.92,25.28
2024-12-31,19.1,26.32,12.93,71.37,0.04,2.64,24.08
2025-01-01,18.95,26.33,12.79,70.08,0.07,3.27,25.24
2025-01-02,18.41,26.01,12.03,70.05,0.02,3.23,26.27
2025-01-03,18.51,25.82,12.01,70.05,0.07,3.55,25.86
2025-01-04,19.43,26.27,14.12,69.52,0.21,3.56,23.13
2025-01-05,18.68,25.24,13.09,69.65,0.04,3.53,24.78
2025-01-06,18.01,25.98,11.04,60.92,0.0,3.06,27.0
2025-01-07,18.15,26.83,10.54,61.22,0.0,2.66,26.94
2025-01-08,20.04,28.38,12.07,59.69,0.0,2.39,25.18
2025-01-09,19.83,27.45,12.57,68.37,0.55,2.55,23.02
2025-01-10,19.57,26.13,15.1,73.57,0.59,3.36,22.58
2025-01-11,20.1,26.8,14.61,71.08,0.18,3.12,24.69
2025-01-12,20.61,27.17,15.26,70.2,0.03,2.84,22.48
2025-01-13,20.71,27.67,15.49,63.51,0.06,3.05,22.72
2025-01-14,18.78,26.8,12.41,56.11,0.0,3.89,25.54
2025-01-15,17.64,25.4,11.02,63.35,0.05,4.07,23.45
2025-01-16,18.2,26.05,11.37,61.44,0.0,3.74,26.93
2025-01-17,18.46,26.41,11.93,63.51,0.0,3.08,25.65
2025-01-18,19.63,27.58,11.86,62.63,0.0,2.68,25.72
2025-01-19,20.52,28.99,13.1,61.17,0.0,2.7,24.51
2025-01-20,20.33,29.43,13.04,52.8,0.0,2.44,24.8
2025-01-21,20.0,28.38,12.99,56.39,0.0,2.67,24.07
2025-01-22,19.87,26.95,13.66,58.98,0.05,2.82,22.94
2025-01-23,20.21,28.6,13.14,61.87,0.41,2.86,24.31
2025-01-24,20.06,27.93,12.92,60.87,0.21,2.67,24.69
2025-01-25,20.53,28.49,13.22,59.01,0.09,2.09,22.66
2025-01-26,21.05,29.03,14.17,61.21,0.5,1.64,17.49
2025-01-27,20.07,25.92,14.17,69.3,7.67,1.6,16.17
2025-01-28,19.56,23.7,15.6,75.75,12.88,1.39,12.5
2025-01-29,19.08,23.15,16.07,78.68,4.44,1.25,17.74
2025-01-30,18.69,22.57,15.8,81.28,11.83,1.85,8.23
2025-01-31,19.78,27.24,12.96,68.33,0.5,2.8,22.76
2025-02-01,19.97,27.02,13.7,70.88,1.3,2.49,23.66
2025-02-02,19.92,25.8,15.05,65.72,0.03,2.1,15.46
2025-02-03,20.21,28.1,12.88,59.55,0.01,3.35,25.71
2025-02-04,18.86,26.27,12.76,63.83,0.04,3.65,25.57
2025-02-05,18.91,26.02,12.05,59.42,0.0,3.11,26.61
2025-02-06,20.13,27.4,14.11,63.04,0.03,3.12,26.14
2025-02-07,20.11,27.86,13.96,68.87,0.2,3.28,26.61
2025-02-08,20.51,28.69,13.84,64.53,0.02,2.72,27.37
2025-02-09,20.72,29.18,12.83,60.82,0.0,2.49,25.22
2025-02-10,20.91,29.05,14.4,62.17,0.01,3.13,27.66
2025-02-11,19.88,27.75,13.92,62.79,0.0,3.67,27.6
2025-02-12,19.55,27.28,12.48,74.62,0.15,3.8,25.32
2025-02-13,20.29,27.14,15.37,71.37,1.19,4.04,22.58
2025-02-14,20.34,28.34,12.64,63.47,0.01,3.55,26.55
2025-02-15,20.82,28.65,13.01,60.25,0.09,3.17,25.8
2025-02-16,20.87,28.8,13.16,63.32,0.02,3.35,25.97
2025-02-17,20.12,28.62,13.1,58.35,0.01,3.4,27.59
2025-02-18,19.9,28.9,11.84,51.93,0.0,3.32,29.15
2025-02-19,20.26,29.6,11.98,49.57,0.0,2.97,28.94
2025-02-20,21.11,30.25,12.85,46.88,0.0,2.96,27.96
2025-02-21,20.82,29.81,12.7,44.21,0.0,3.19,28.74
2025-02-22,20.29,28.47,13.86,50.31,0.0,3.7,28.72
2025-02-23,20.3,28.48,13.48,55.32,0.01,3.62,28.75
2025-02-24,20.49,29.31,12.39,60.27,0.01,3.4,27.93
2025-02-25,20.82,29.25,13.28,54.65,0.01,3.7,27.92
2025-02-26,20.99,29.68,13.07,47.69,0.0,3.48,28.93
2025-02-27,21.03,30.4,12.72,45.14,0.0,3.39,28.96
2025-02-28,21.62,30.58,12.72,45.36,0.0,3.27,27.19
2025-03-01,22.01,30.76,14.91,52.9,0.03,3.16,25.56
2025-03-02,21.88,30.08,14.78,57.51,0.06,3.41,26.96
2025-03-03,22.1,30.73,14.66,55.93,0.01,3.41,28.16
2025-03-04,21.86,30.89,14.37,54.06,0.08,3.09,25.91
2025-03-05,21.83,30.62,15.01,53.94,0.04,3.35,26.8
2025-03-06,22.26,30.99,14.59,52.28,0.06,3.08,27.59
2025-03-07,22.3,29.98,15.37,56.98,1.55,3.19,24.96
2025-03-08,22.68,31.13,15.98,61.04,1.21,3.32,22.29
2025-03-09,22.07,29.97,16.35,67.86,3.51,3.27,18.03
2025-03-10,20.83,26.77,17.36,76.73,17.97,1.81,15.41
2025-03-11,19.44,24.09,16.97,82.33,2.36,2.06,21.66
2025-03-12,20.16,26.76,15.49,75.21,0.81,3.03,17.88
2025-03-13,20.8,28.8,15.44,67.98,0.09,2.74,19.19
2025-03-14,21.16,29.93,14.53,59.31,0.0,2.76,28.5
2025-03-15,21.66,29.83,13.59,56.63,0.1,2.83,25.69
2025-03-16,22.23,30.36,15.68,61.02,0.37,2.34,24.15
2025-03-17,21.22,27.77,16.88,69.79,2.51,2.71,22.07
2025-03-18,20.61,27.02,16.65,72.38,2.42,3.55,22.44
2025-03-19,19.82,26.98,16.03,78.01,3.04,3.35,18.41
2025-03-20,20.81,27.99,16.0,73.2,1.58,3.1,18.11
2025-03-21,20.11,25.35,15.92,73.93,1.54,2.5,23.17
2025-03-22,20.48,27.71,15.43,71.68,0.97,2.76,23.86
2025-03-23,20.91,28.71,15.23,72.42,1.33,3.31,22.48
2025-03-24,20.63,26.84,16.04,78.46,3.99,3.31,21.18
2025-03-25,20.38,25.22,16.74,79.03,7.95,2.89,21.52
2025-03-26,19.89,26.46,16.0,77.73,5.25,2.37,24.78
2025-03-27,19.8,26.69,15.42,78.75,8.87,3.21,21.05
2025-03-28,18.35,24.49,15.46,84.03,7.5,3.28,16.32
2025-03-29,19.51,26.07,14.58,70.14,2.42,2.01,20.1
2025-03-30,18.59,23.94,15.16,79.25,3.96,2.4,20.06
2025-03-31,19.38,25.66,14.78,76.16,3.68,3.38,18.63
2025-04-01,20.19,27.56,14.53,70.53,0.18,3.08,25.77
2025-04-02,20.37,27.13,15.62,76.56,4.47,3.06,23.29
2025-04-03,19.75,26.61,14.81,77.39,18.01,2.94,21.11
2025-04-04,19.67,26.07,15.03,77.53,8.86,2.89,21.5
2025-04-05,18.82,23.15,15.7,82.15,5.37,2.3,16.59
2025-04-06,18.98,25.17,15.27,79.91,6.63,3.37,15.97
2025-04-07,18.88,25.99,14.53,76.64,3.25,2.51,22.86
2025-04-08,19.52,25.84,14.72,78.24,1.32,1.81,24.16
2025-04-09,20.92,28.05,15.73,73.41,1.69,1.86,24.95
2025-04-10,20.34,26.07,16.0,77.2,5.94,1.17,13.92
2025-04-11,20.58,26.83,15.74,76.34,3.13,1.68,23.73
2025-04-12,20.04,26.13,16.69,78.96,5.55,2.47,18.2
2025-04-13,19.81,25.94,15.21,74.73,1.6,2.61,19.85
2025-04-14,20.13,27.19,14.49,72.3,1.93,1.99,21.48
2025-04-15,20.18,27.57,14.59,71.02,2.03,2.82,22.96
2025-04-16,19.51,26.84,15.29,74.9,1.14,2.21,23.57
2025-04-17,20.09,26.99,15.02,77.07,3.89,1.76,25.65
2025-04-18,20.08,26.31,15.67,76.33,3.0,2.19,22.07
2025-04-19,20.02,26.44,15.86,77.67,2.51,1.92,22.76
2025-04-20,18.95,24.9,15.5,79.34,7.9,1.44,22.04
2025-04-21,20.09,26.54,16.03,77.32,1.69,1.79,20.55
2025-04-22,19.65,25.77,15.54,77.89,1.84,2.49,20.88
2025-04-23,18.1,23.11,15.62,83.86,24.32,3.17,16.58
2025-04-24,18.3,23.78,14.63,81.2,1.01,3.63,18.96
2025-04-25,19.0,25.32,14.33,76.53,1.49,2.64,22.18
2025-04-26,19.44,26.84,14.51,75.88,1.49,2.31,25.97
2025-04-27,19.68,27.07,14.68,74.87,0.61,2.14,25.01
2025-04-28,20.18,27.29,14.32,72.97,0.34,1.94,23.78
2025-04-29,20.75,27.62,15.36,75.72,1.41,1.75,22.3
2025-04-30,18.93,23.89,15.65,80.54,0.48,2.69,19.33
2025-05-01,20.45,27.75,14.97,71.05,0.31,2.4,22.41
2025-05-02,20.38,27.24,15.25,74.92,0.44,2.4,22.37
2025-05-03,20.87,27.83,16.0,72.85,0.96,2.09,23.95
2025-05-04,19.78,24.58,16.43,79.12,1.87,2.29,19.54
2025-05-05,19.14,24.77,15.34,79.07,2.74,2.79,17.42
2025-05-06,18.3,23.45,14.97,82.76,3.35,2.49,18.19
2025-05-07,18.8,25.45,13.72,75.15,0.64,1.92,18.96
2025-05-08,19.13,26.27,13.86,75.45,0.42,1.88,17.82
2025-05-09,19.13,25.14,14.19,76.88,0.41,2.23,19.33
2025-05-10,19.79,26.32,15.35,74.43,0.44,2.16,19.32
2025-05-11,20.12,25.98,15.77,74.5,0.76,1.28,20.06
2025-05-12,18.13,21.7,14.19,82.17,2.46,1.5,20.9
2025-05-13,18.43,26.01,12.84,76.61,2.06,2.2,19.3
2025-05-14,18.57,25.83,13.26,70.34,0.72,2.17,20.38
2025-05-15,19.33,27.15,13.14,68.22,0.38,1.74,20.12
2025-05-16,19.59,27.77,13.24,68.58,0.16,2.02,21.67
2025-05-17,19.75,27.69,14.08,71.61,0.19,2.22,22.12
2025-05-18,19.94,27.32,14.24,72.82,0.74,1.78,20.98
2025-05-19,20.33,27.77,15.24,71.94,0.72,2.16,19.27
2025-05-20,20.38,27.88,15.06,70.59,0.94,1.84,19.37
2025-05-21,20.97,28.93,15.27,68.3,0.15,1.76,19.26
2025-05-22,20.26,27.28,14.94,69.46,0.11,2.04,20.28
2025-05-23,19.94,26.73,15.54,72.69,0.47,2.29,17.79
2025-05-24,19.35,26.08,13.88,71.79,0.87,1.48,16.12
2025-05-25,18.86,25.47,14.07,72.74,1.65,1.65,14.8
2025-05-26,19.14,26.9,12.85,70.76,0.07,2.52,19.84
2025-05-27,19.55,26.45,14.13,74.26,0.49,2.55,15.02
2025-05-28,20.08,27.52,14.06,67.63,0.19,2.72,16.86
2025-05-29,19.6,26.83,14.77,70.75,0.41,2.93,17.82
2025-05-30,19.37,27.59,13.39,61.98,0.09,2.17,22.12
2025-05-31,18.32,27.45,11.5,57.87,0.0,2.14,23.22
2025-06-01,19.19,27.74,12.46,66.28,0.08,2.18,19.43
2025-06-02,19.66,27.02,14.25,69.3,0.16,2.09,17.71
2025-06-03,19.29,26.4,13.74,68.97,0.11,1.73,19.03
2025-06-04,19.59,27.37,13.96,64.25,0.16,2.38,16.48
2025-06-05,18.88,24.88,14.69,71.81,0.41,2.4,18.02
2025-06-06,18.58,24.8,14.08,73.63,0.59,3.0,14.79
2025-06-07,18.76,25.76,13.55,69.87,0.26,2.42,19.13
2025-06-08,19.33,27.45,13.01,69.91,0.75,2.53,19.92
2025-06-09,19.2,26.85,13.46,71.12,0.88,2.79,18.21
2025-06-10,19.19,28.71,11.95,57.09,0.04,1.98,22.84
2025-06-11,19.36,27.97,13.26,66.03,0.24,2.56,19.32
2025-06-12,19.48,27.02,13.56,67.03,0.17,2.39,18.08
2025-06-13,18.7,26.97,12.81,57.72,0.06,2.55,22.1
2025-06-14,18.75,27.04,12.31,62.52,0.3,2.07,20.67
2025-06-15,18.28,25.05,13.32,62.73,0.18,2.0,16.81
2025-06-16,17.96,23.69,12.86,66.39,0.63,1.97,15.9
2025-06-17,17.67,23.03,13.29,73.54,0.72,1.54,14.73
2025-06-18,18.84,25.52,12.94,67.03,0.17,1.36,16.21
2025-06-19,19.02,26.1,14.15,69.09,0.78,1.45,15.25
2025-06-20,18.87,24.04,14.72,72.41,1.3,1.09,15.24
2025-06-21,18.85,25.9,13.3,76.83,7.31,1.17,19.25
2025-06-22,19.35,26.32,14.54,74.68,1.32,1.9,16.65
2025-06-23,18.15,24.54,13.84,76.01,0.61,2.19,15.35
2025-06-24,17.59,24.92,11.88,62.04,0.13,2.08,22.0
2025-06-25,18.39,26.45,12.45,66.63,0.38,1.94,19.97
2025-06-26,18.98,24.89,13.92,73.66,0.26,2.02,14.63
2025-06-27,19.72,26.45,14.62,73.38,0.34,1.46,20.54
2025-06-28,19.15,25.38,14.99,74.26,1.51,1.88,13.06
2025-06-29,17.48,23.49,13.55,71.53,1.53,2.64,11.07
2025-06-30,17.46,24.05,12.81,68.08,0.16,2.25,9.32
2025-07-01,18.27,26.22,11.67,62.62,0.07,1.9,15.91
2025-07-02,19.05,27.06,12.71,61.99,0.15,2.36,15.16
2025-07-03,18.92,26.33,13.54,68.35,0.39,2.51,12.36
2025-07-04,18.09,24.01,13.97,71.1,0.68,2.16,17.88
2025-07-05,18.25,25.42,13.65,70.44,1.32,2.11,9.94
2025-07-06,18.58,26.19,13.09,71.23,0.99,1.98,14.14
2025-07-07,18.84,26.19,13.61,73.0,1.99,2.04,12.75
2025-07-08,18.67,25.89,14.05,72.28,1.74,2.4,11.69
2025-07-09,17.08,22.53,13.35,73.09,1.05,2.7,8.02
2025-07-10,17.66,24.51,12.26,67.15,0.21,2.48,13.42
2025-07-11,17.65,24.2,13.11,69.79,0.5,2.24,13.52
2025-07-12,18.34,25.48,12.53,67.0,0.85,1.89,16.51
2025-07-13,18.32,25.62,12.98,68.03,0.42,2.05,12.17
2025-07-14,18.48,25.4,13.09,68.0,0.68,1.89,14.42
2025-07-15,18.98,26.41,12.97,63.95,0.16,1.97,16.3
2025-07-16,18.67,25.53,13.19,66.64,0.45,1.72,16.72
2025-07-17,19.58,26.71,13.57,63.63,0.34,1.23,16.5
2025-07-18,19.6,27.0,13.22,64.05,0.23,1.77,16.99
2025-07-19,18.18,23.67,13.9,69.14,0.16,2.46,15.57
2025-07-20,18.5,25.59,12.71,66.07,0.47,1.91,14.75
2025-07-21,19.05,27.01,12.24,65.94,0.53,1.77,19.51
2025-07-22,18.44,26.04,12.76,69.48,0.71,1.95,17.82
2025-07-23,18.57,25.89,12.6,68.86,0.34,2.07,9.78
2025-07-24,19.33,27.15,12.63,61.67,0.17,1.71,21.98
2025-07-25,19.35,27.37,11.44,56.15,0.1,2.09,22.49
2025-07-26,19.58,28.33,12.41,56.3,0.12,1.9,23.73
2025-07-27,20.12,28.95,11.33,48.83,0.09,1.52,22.14
2025-07-28,19.44,28.25,11.28,55.89,0.26,2.17,21.55
2025-07-29,18.94,27.44,11.91,55.06,0.07,2.64,18.37
2025-07-30,17.98,26.44,12.17,57.73,0.41,2.8,19.2
2025-07-31,18.64,28.08,11.2,59.13,1.7,2.09,21.62
2025-08-01,18.4,26.01,12.74,70.16,6.23,2.01,10.97
2025-08-02,17.46,23.75,12.94,79.1,16.81,2.03,15.16
2025-08-03,16.83,21.38,13.48,76.83,20.49,2.27,15.25
2025-08-04,16.35,22.68,10.87,72.92,0.27,1.68,19.95
2025-08-05,17.14,23.95,11.02,70.58,0.1,1.64,18.68
2025-08-06,16.73,23.12,11.73,71.45,0.21,1.58,16.92
2025-08-07,18.27,24.99,13.23,74.98,0.92,1.54,17.79
2025-08-08,16.81,21.67,13.84,82.13,3.01,1.99,15.29
2025-08-09,16.31,21.64,13.04,78.61,0.91,1.8,10.3
2025-08-10,17.48,25.18,11.9,72.39,0.39,1.49,18.15
2025-08-11,17.01,23.57,12.34,76.52,0.28,1.92,17.89
2025-08-12,16.8,22.91,12.57,74.74,0.33,1.73,13.1
2025-08-13,17.48,24.11,11.19,68.15,0.08,1.33,19.9
2025-08-14,17.54,23.81,11.33,65.99,0.37,1.41,22.68
2025-08-15,17.72,23.86,12.62,74.81,1.18,1.76,17.5
2025-08-16,17.93,23.72,14.26,77.52,3.68,1.53,13.54
2025-08-17,17.93,23.91,14.39,78.65,6.68,1.58,15.2
2025-08-18,16.71,21.59,13.85,82.24,8.67,1.96,5.49
2025-08-19,16.21,21.2,12.7,81.81,19.99,2.59,9.02
2025-08-20,15.93,20.59,11.69,78.34,4.52,1.74,15.46
2025-08-21,16.1,21.72,11.63,80.14,13.15,2.06,14.76
2025-08-22,15.87,21.45,11.45,81.57,8.8,1.97,15.63
2025-08-23,15.81,22.02,11.5,79.46,4.95,1.99,13.39
2025-08-24,16.92,24.35,11.6,74.19,0.51,2.22,21.33
2025-08-25,17.94,25.29,12.84,72.03,0.1,2.35,22.78
2025-08-26,17.72,24.6,11.57,71.39,0.06,1.77,20.76
2025-08-27,18.4,25.48,12.58,71.3,0.14,1.68,22.81
2025-08-28,17.9,23.68,12.33,70.76,0.18,1.81,21.82
2025-08-29,17.58,26.21,11.37,66.72,0.1,1.7,25.62
2025-08-30,17.02,26.23,10.41,62.42,0.07,1.67,22.86
2025-08-31,17.08,24.24,10.61,67.44,0.17,2.12,20.77
2025-09-01,18.35,26.2,12.11,66.67,0.07,1.74,23.37
2025-09-02,17.87,25.0,11.14,67.79,0.13,1.36,23.14
2025-09-03,18.41,24.37,13.09,67.95,0.1,1.4,19.72
2025-09-04,18.41,25.65,11.94,65.82,0.16,1.68,23.67
2025-09-05,18.11,23.64,12.78,69.76,0.29,1.33,20.5
2025-09-06,19.47,26.92,13.19,60.73,0.27,1.22,23.36
2025-09-07,17.87,26.0,11.38,64.17,0.07,2.01,24.6
2025-09-08,18.39,26.43,12.29,67.08,0.21,2.34,23.53
2025-09-09,18.94,26.24,13.22,68.5,0.29,2.23,20.14
2025-09-10,19.55,26.86,13.43,67.32,0.15,1.81,21.36
2025-09-11,18.94,27.03,12.97,64.03,0.17,2.08,21.81
2025-09-12,18.87,27.81,12.44,62.89,0.17,1.88,24.97
2025-09-13,19.62,27.9,12.77,61.65,0.09,1.16,24.47
2025-09-14,19.83,28.42,12.25,56.94,0.08,1.5,25.19
2025-09-15,19.68,28.38,12.2,59.39,0.15,2.16,23.72
2025-09-16,20.24,28.75,13.14,61.85,0.21,2.19,24.96
2025-09-17,19.98,28.38,13.08,59.43,0.08,2.05,24.96
2025-09-18,19.88,27.79,14.73,71.2,1.11,3.33,20.47
2025-09-19,20.04,28.84,13.89,62.33,0.47,3.23,23.44
2025-09-20,19.3,28.26,12.98,63.54,0.29,2.68,21.85
2025-09-21,19.6,27.73,13.35,63.76,0.09,2.44,20.53
2025-09-22,19.41,27.1,13.11,64.67,0.19,2.41,22.58
2025-09-23,18.97,26.93,13.07,63.18,0.32,2.71,19.15
2025-09-24,18.84,28.41,11.64,59.64,0.09,2.0,25.11
2025-09-25,19.98,28.29,11.96,59.14,0.1,1.72,22.11
2025-09-26,20.1,28.38,12.61,62.02,0.25,1.74,20.5
2025-09-27,20.31,28.91,13.94,56.91,0.05,2.01,23.5
2025-09-28,19.91,27.8,13.34,59.99,0.14,1.79,23.09
2025-09-29,20.66,27.72,13.27,58.8,0.1,1.9,20.73
2025-09-30,19.58,25.2,15.62,63.66,0.11,1.63,20.55
2025-10-01,20.83,30.76,11.91,46.52,0.0,2.11,26.3
2025-10-02,20.8,29.48,11.91,48.94,0.03,1.79,22.22
2025-10-03,19.82,26.44,13.3,61.65,2.54,1.71,18.87
2025-10-04,19.01,25.18,14.94,77.69,7.07,2.89,12.76
2025-10-05,18.87,24.75,14.57,74.59,4.12,2.72,14.42
2025-10-06,19.38,27.33,13.47,66.09,0.44,3.13,18.45
2025-10-07,19.18,26.87,12.92,68.19,1.33,3.23,19.58
2025-10-08,19.61,27.33,13.6,64.7,0.86,3.24,20.11
2025-10-09,19.54,27.52,13.81,66.13,0.79,3.6,23.28
2025-10-10,19.34,27.04,13.89,65.34,1.43,3.26,23.8
2025-10-11,19.3,28.71,12.72,55.46,0.13,2.24,27.49
2025-10-12,19.49,28.53,12.77,59.58,0.19,2.35,26.35
2025-10-13,19.5,28.12,12.71,61.21,0.11,2.82,25.65
2025-10-14,19.79,28.38,13.33,63.88,0.2,2.59,24.62
2025-10-15,20.65,29.34,13.14,60.26,0.15,2.26,24.6
2025-10-16,20.98,28.9,14.31,63.57,0.51,2.32,22.96
2025-10-17,20.06,26.67,15.22,62.81,0.32,2.71,20.74
2025-10-18,20.55,27.64,14.34,60.59,0.12,2.38,21.22
2025-10-19,20.59,27.87,14.53,57.35,0.05,2.65,21.62
2025-10-20,20.64,29.53,12.16,51.51,0.01,2.22,26.22
2025-10-21,20.26,28.07,12.58,54.28,0.03,1.94,21.7
2025-10-22,19.41,25.91,13.69,57.37,0.07,1.56,16.41
2025-10-23,20.24,26.2,15.39,64.19,2.03,2.02,16.43
2025-10-24,18.73,23.63,16.06,77.78,4.14,2.35,16.29
2025-10-25,19.81,26.18,15.21,69.64,0.6,2.09,19.76
2025-10-26,21.35,29.2,14.05,63.09,0.43,1.91,23.12
2025-10-27,21.06,28.81,13.84,65.06,0.96,1.98,21.76
2025-10-28,20.49,25.94,16.8,74.9,8.2,2.62,19.32
2025-10-29,19.34,25.62,16.24,82.35,17.33,2.92,16.35
2025-10-30,19.54,25.52,16.49,79.63,7.93,3.55,17.4
2025-10-31,19.18,25.24,15.61,80.29,4.44,3.15,17.1
2025-11-01,18.49,23.83,14.87,79.19,4.27,2.98,13.47
2025-11-02,19.4,26.1,14.97,73.4,0.63,3.14,19.9
2025-11-03,19.8,27.21,14.33,69.26,0.33,3.27,23.98
2025-11-04,19.81,27.6,14.69,65.15,0.67,2.98,24.76
2025-11-05,19.71,28.61,13.84,61.1,0.26,2.21,26.27
2025-11-06,20.06,27.99,13.2,66.7,0.29,2.34,23.53
2025-11-07,20.2,27.18,14.58,69.02,0.27,2.88,23.74
2025-11-08,19.51,25.93,15.6,78.2,10.42,3.41,22.74
2025-11-09,17.8,21.64,14.79,84.28,23.66,2.58,13.69
2025-11-10,18.67,25.13,14.66,78.92,4.31,2.92,23.32
2025-11-11,19.09,25.89,14.68,76.39,3.51,3.24,24.13
2025-11-12,19.09,25.75,14.8,74.59,1.48,3.2,23.16
2025-11-13,18.65,24.67,14.08,79.38,4.45,3.36,21.63
2025-11-14,18.91,25.16,14.54,80.28,7.7,3.24,20.44
2025-11-15,19.18,25.28,14.93,76.79,1.63,3.2,24.4
2025-11-16,19.15,25.48,15.15,76.55,1.44,3.53,24.53
2025-11-17,19.33,25.71,14.55,75.07,0.61,2.96,23.83
2025-11-18,19.23,25.49,14.89,78.14,2.91,3.48,21.2
2025-11-19,19.31,25.47,14.83,75.35,1.16,3.55,21.37
2025-11-20,19.43,26.12,14.73,74.34,0.48,3.76,25.31
2025-11-21,18.96,25.83,13.68,69.65,0.08,3.8,25.32
2025-11-22,18.32,25.72,11.87,69.95,0.23,3.48,23.92
2025-11-23,18.34,24.55,13.72,76.24,0.96,3.43,19.4
2025-11-24,18.99,25.41,13.85,74.59,0.58,3.19,23.25
2025-11-25,19.25,26.06,14.05,70.79,0.25,3.66,22.78
2025-11-26,19.1,25.27,14.2,72.3,0.17,3.57,21.17
2025-11-27,19.19,25.49,14.19,72.86,0.26,3.38,20.21
2025-11-28,19.42,25.62,14.52,72.35,0.16,3.2,22.73
2025-11-29,19.64,25.69,14.97,73.79,0.09,3.48,20.72
2025-11-30,19.78,26.15,15.09,69.49,0.04,3.94,22.68
2025-12-01,19.49,26.46,14.04,64.83,0.0,3.83,25.97
2025-12-02,18.94,26.17,13.39,69.2,0.4,3.46,26.2
2025-12-03,19.07,25.82,13.72,70.63,1.28,3.41,23.11
2025-12-04,19.14,26.26,13.95,69.99,0.65,3.48,22.19
2025-12-05,18.49,26.38,11.29,66.51,0.06,3.35,23.99
2025-12-06,19.0,25.87,12.81,65.97,0.18,3.25,21.06
2025-12-07,19.24,26.6,13.04,67.44,0.4,3.27,22.68
2025-12-08,18.7,25.9,11.96,71.9,0.4,3.27,22.11
2025-12-09,19.71,26.94,14.2,70.9,1.08,3.28,23.11
2025-12-10,20.38,27.81,14.71,67.18,0.12,3.08,22.74
2025-12-11,19.85,26.56,14.31,70.61,0.9,3.35,22.17
2025-12-12,20.1,27.09,14.65,69.38,0.99,3.18,21.12
2025-12-13,19.4,25.97,14.25,73.25,2.1,2.91,18.97
2025-12-14,19.01,25.48,14.49,76.24,7.24,3.21,19.36
2025-12-15,19.19,25.91,14.72,76.83,2.8,2.88,21.31
2025-12-16,19.66,26.32,14.54,75.18,1.01,2.73,21.51
2025-12-17,19.79,25.87,15.1,73.51,1.59,3.05,21.41
2025-12-18,19.92,26.78,15.16,72.6,1.64,3.51,21.57
2025-12-19,19.37,25.68,15.51,78.43,11.41,3.28,19.13
2025-12-20,19.21,25.52,14.56,78.75,7.18,3.16,20.22
2025-12-21,19.14,24.96,15.76,80.47,3.8,3.46,15.73
2025-12-22,18.67,24.15,15.11,79.04,1.33,3.17,22.15
2025-12-23,19.24,25.92,14.66,75.38,0.49,3.38,23.44
2025-12-24,19.83,26.78,14.4,73.36,0.39,3.22,22.27
2025-12-25,20.56,28.11,15.12,68.49,0.18,3.3,24.38
2025-12-26,20.98,28.28,14.81,65.34,0.19,2.21,21.21
2025-12-27,20.39,27.04,15.19,70.41,8.83,1.1,17.75
2025-12-28,17.63,20.72,15.77,86.91,20.4,1.27,6.13
2025-12-29,19.09,24.9,14.81,75.15,2.6,2.03,15.3
2025-12-30,18.31,22.96,15.37,84.25,14.6,1.7,14.97
2025-12-31,19.28,25.72,14.68,74.11,0.3,2.35,23.64
